n,fill,method,control,budget_s,instances,diff_pp,ci_low,ci_high,win_fraction
32,0.9,M0,M1,0.0,6,0.0,0.0,0.0,0.0
32,0.9,M1,M0,0.0,6,0.0,0.0,0.0,0.0
32,0.9,CAP:8,M0,0.0,6,0.0,0.0,0.0,0.0
32,0.9,CAP:8,M1,0.0,6,0.0,0.0,0.0,0.0
32,0.9,CAP:16,M0,0.0,6,0.0,0.0,0.0,0.0
32,0.9,CAP:16,M1,0.0,6,0.0,0.0,0.0,0.0
32,0.9,SW:fixed3,M0,0.0,6,0.0,0.0,0.0,0.0
32,0.9,SW:fixed3,M1,0.0,6,0.0,0.0,0.0,0.0
32,0.9,SW:fixed10,M0,0.0,6,0.0,0.0,0.0,0.0
32,0.9,SW:fixed10,M1,0.0,6,0.0,0.0,0.0,0.0
32,0.9,SW:stag3,M0,0.0,6,0.0,0.0,0.0,0.0
32,0.9,SW:stag3,M1,0.0,6,0.0,0.0,0.0,0.0
32,0.9,CAPSCHED:3,M0,0.0,6,0.0,0.0,0.0,0.0
32,0.9,CAPSCHED:3,M1,0.0,6,0.0,0.0,0.0,0.0
32,0.9,INTERLEAVE,M0,0.0,6,0.0,0.0,0.0,0.0
32,0.9,INTERLEAVE,M1,0.0,6,0.0,0.0,0.0,0.0
32,0.9,BANDIT:8,M0,0.0,6,0.0,0.0,0.0,0.0
32,0.9,BANDIT:8,M1,0.0,6,0.0,0.0,0.0,0.0
32,0.9,M0,M1,0.1,6,2.7275259650625525,0.38012954651458014,4.280205501823781,0.8333333333333333
32,0.9,M1,M0,0.1,6,-2.7275259650625525,-4.280205501823781,-0.4580441987468402,0.16666666666666666
32,0.9,CAP:8,M0,0.1,6,-1.6062897811582373,-4.576611669410177,1.640470299997382,0.3333333333333333
32,0.9,CAP:8,M1,0.1,6,1.1212361839043152,-0.4560716057040635,2.6985439735126944,0.6666666666666666
32,0.9,CAP:16,M0,0.1,6,-2.3491162081417496,-4.664040553496953,-0.034191862786546345,0.3333333333333333
32,0.9,CAP:16,M1,0.1,6,0.37840975692080336,-1.0970735250685704,1.6133292663085292,0.5
32,0.9,SW:fixed3,M0,0.1,6,-2.2511615554731392,-4.397095754509153,0.6203238502013153,0.16666666666666666
32,0.9,SW:fixed3,M1,0.1,6,0.4763644095894135,-0.3789441830490808,1.260963067197561,0.6666666666666666
32,0.9,SW:fixed10,M0,0.1,6,-1.977101557873684,-3.67100085343165,0.04425689243746467,0.16666666666666666
32,0.9,SW:fixed10,M1,0.1,6,0.7504244071888687,0.07362156790375382,1.5117380553601605,0.5
32,0.9,SW:stag3,M0,0.1,6,-2.743116442067273,-4.4738091597825775,-0.6024352475963108,0.16666666666666666
32,0.9,SW:stag3,M1,0.1,6,-0.015590477004720438,-0.6656899411038588,0.6294843843385897,0.3333333333333333
32,0.9,CAPSCHED:3,M0,0.1,6,-2.356305241087787,-4.485702082738705,0.7328235300749022,0.16666666666666666
32,0.9,CAPSCHED:3,M1,0.1,6,0.37122072397476547,-0.5725955295671925,1.3150369775167234,0.5
32,0.9,INTERLEAVE,M0,0.1,6,-2.7617992191628975,-4.49403257796976,-0.6877869508626328,0.16666666666666666
32,0.9,INTERLEAVE,M1,0.1,6,-0.03427325410034482,-0.6721260432684442,0.5693062809674098,0.16666666666666666
32,0.9,BANDIT:8,M0,0.1,6,-2.9205459777029303,-4.665286363427225,-0.48623769624984514,0.16666666666666666
32,0.9,BANDIT:8,M1,0.1,6,-0.19302001264037752,-0.9822331263511056,0.4286270310289296,0.16666666666666666
32,0.9,M0,M1,0.3,6,2.2472056179601387,0.7191878945954162,3.39340050249667,0.8333333333333333
32,0.9,M1,M0,0.3,6,-2.2472056179601387,-3.53789981801885,-0.7191878945954162,0.16666666666666666
32,0.9,CAP:8,M0,0.3,6,-0.9750638521034809,-3.527425931235889,1.8457111408071298,0.3333333333333333
32,0.9,CAP:8,M1,0.3,6,1.2721417658566576,-0.6854259368964475,3.078968276209105,0.8333333333333333
32,0.9,CAP:16,M0,0.3,6,-1.883393456929924,-3.571272512061955,-0.2828021383576743,0.16666666666666666
32,0.9,CAP:16,M1,0.3,6,0.3638121610302151,-1.9745146542831413,2.407464914785709,0.6666666666666666
32,0.9,SW:fixed3,M0,0.3,6,-1.1394046929425519,-3.5130839409434214,1.2342745550583176,0.3333333333333333
32,0.9,SW:fixed3,M1,0.3,6,1.1078009250175869,-0.7884759749511707,3.0162599492874405,0.6666666666666666
32,0.9,SW:fixed10,M0,0.3,6,-1.1315019011222178,-3.1559837994070254,0.9858883113527142,0.16666666666666666
32,0.9,SW:fixed10,M1,0.3,6,1.1157037168379211,0.30593462794963894,1.8066982279831012,0.6666666666666666
32,0.9,SW:stag3,M0,0.3,6,-2.2715767384795007,-3.4773742760564126,-1.0657792009025893,0.0
32,0.9,SW:stag3,M1,0.3,6,-0.024371120519361966,-1.702633325109617,1.4365029114287828,0.6666666666666666
32,0.9,CAPSCHED:3,M0,0.3,6,0.45784021496594046,-2.160364257277168,3.3194319452407184,0.5
32,0.9,CAPSCHED:3,M1,0.3,6,2.7050458329260794,0.8474690240627775,4.562622641789381,0.6666666666666666
32,0.9,INTERLEAVE,M0,0.3,6,-0.7877162836422792,-2.2603156693423063,1.1291582287760387,0.3333333333333333
32,0.9,INTERLEAVE,M1,0.3,6,1.4594893343178597,-1.1127810135035823,3.687172639394055,0.5
32,0.9,BANDIT:8,M0,0.3,6,-1.552932291460718,-4.346879243756397,2.85176487113501,0.16666666666666666
32,0.9,BANDIT:8,M1,0.3,6,0.694273326499421,-1.5314492465443426,3.143546995688202,0.3333333333333333
32,0.9,M0,M1,1.0,6,1.2387300094429088,-0.06327793489930966,2.9532357955962003,0.6666666666666666
32,0.9,M1,M0,1.0,6,-1.2387300094429088,-2.9532357955962003,0.06327793489930966,0.3333333333333333
32,0.9,CAP:8,M0,1.0,6,0.6257547411471416,-0.5546834469704072,2.0740171676863124,0.5
32,0.9,CAP:8,M1,1.0,6,1.8644847505900504,-0.03449290703248695,3.4341304929212786,0.5
32,0.9,CAP:16,M0,1.0,6,0.5684059129509713,-2.6128853020255147,3.7496971279274574,0.5
32,0.9,CAP:16,M1,1.0,6,1.8071359223938799,-0.4542176907935963,4.1747765419395435,0.8333333333333333
32,0.9,SW:fixed3,M0,1.0,6,-0.4482774158981462,-3.167695415160079,1.951250999084848,0.5
32,0.9,SW:fixed3,M1,1.0,6,0.7904525935447626,-0.7085833486833121,2.3597498903958085,0.8333333333333333
32,0.9,SW:fixed10,M0,1.0,6,-1.6761710228771252,-3.852097340323919,0.7940922012373693,0.3333333333333333
32,0.9,SW:fixed10,M1,1.0,6,-0.43744101343421643,-2.5061899051646046,1.6313078782961716,0.3333333333333333
32,0.9,SW:stag3,M0,1.0,6,0.20963049898431496,-1.7308492563614841,2.566010130750711,0.3333333333333333
32,0.9,SW:stag3,M1,1.0,6,1.4483605084272237,-0.8009250056896706,3.47890534064535,0.6666666666666666
32,0.9,CAPSCHED:3,M0,1.0,6,1.3804077342520757,0.028379445606597442,2.732436022897554,0.6666666666666666
32,0.9,CAPSCHED:3,M1,1.0,6,2.619137743694984,1.1035336979811001,4.134741789408869,0.8333333333333333
32,0.9,INTERLEAVE,M0,1.0,6,2.4346832501154028,-0.3412476267452685,5.290035482440926,0.6666666666666666
32,0.9,INTERLEAVE,M1,1.0,6,3.673413259558312,2.188661411864896,5.760573594511056,0.8333333333333333
32,0.9,BANDIT:8,M0,1.0,6,1.4468076676033597,-1.6971418991121552,4.0063040908457,0.6666666666666666
32,0.9,BANDIT:8,M1,1.0,6,2.6855376770462684,1.172896899055269,4.198178455037268,0.6666666666666666
32,0.9,M0,M1,3.0,6,1.7672130298316253,0.04042143704495982,3.42549249594333,0.6666666666666666
32,0.9,M1,M0,3.0,6,-1.7672130298316253,-3.42549249594333,-0.04042143704495982,0.3333333333333333
32,0.9,CAP:8,M0,3.0,6,-0.5707575239099217,-1.543415679428201,0.27637046850936875,0.3333333333333333
32,0.9,CAP:8,M1,3.0,6,1.1964555059217035,-0.7174666915354292,3.378079405826908,0.6666666666666666
32,0.9,CAP:16,M0,3.0,6,-0.47290930262099706,-2.8183350673752576,1.9777247669339055,0.5
32,0.9,CAP:16,M1,3.0,6,1.294303727210628,-1.313815715492475,3.8656892907424236,0.6666666666666666
32,0.9,SW:fixed3,M0,3.0,6,-0.4032531376624592,-2.3697761613503214,1.4411279813113178,0.3333333333333333
32,0.9,SW:fixed3,M1,3.0,6,1.3639598921691658,-0.5670815631635087,2.8794244349780858,0.8333333333333333
32,0.9,SW:fixed10,M0,3.0,6,-1.4052624926796788,-3.2074209596354457,0.396895974276088,0.3333333333333333
32,0.9,SW:fixed10,M1,3.0,6,0.36195053715194625,-1.283556634377029,2.0074577086809215,0.5
32,0.9,SW:stag3,M0,3.0,6,-0.3216401655671183,-1.8476718055901737,1.4707063739286277,0.5
32,0.9,SW:stag3,M1,3.0,6,1.4455728642645065,0.39244700196622917,3.116266883519226,0.6666666666666666
32,0.9,CAPSCHED:3,M0,3.0,6,-0.3168395764409576,-2.4070384880177884,1.7733593351358732,0.6666666666666666
32,0.9,CAPSCHED:3,M1,3.0,6,1.4503734533906674,0.008365325881884822,2.723864060148556,0.6666666666666666
32,0.9,INTERLEAVE,M0,3.0,6,1.5820293759980084,1.020687560480432,2.24002012636918,1.0
32,0.9,INTERLEAVE,M1,3.0,6,3.349242405829634,1.7777504799653372,4.625005918548169,0.6666666666666666
32,0.9,BANDIT:8,M0,3.0,6,0.2473115062079353,-1.5697218281335383,2.616284380352901,0.6666666666666666
32,0.9,BANDIT:8,M1,3.0,6,2.01452453603956,1.144727617598199,2.8843214544809213,0.8333333333333333
32,0.9,M0,M1,10.0,6,-0.16101438769359988,-0.8837774931709058,0.3270303478492993,0.5
32,0.9,M1,M0,10.0,6,0.16101438769359988,-0.3530460922716943,0.8800173206642672,0.5
32,0.9,CAP:8,M0,10.0,6,0.6679617291616256,-1.052416509934368,2.388339968257619,0.6666666666666666
32,0.9,CAP:8,M1,10.0,6,0.5069473414680257,-0.970740286881651,1.9319203027907865,0.6666666666666666
32,0.9,CAP:16,M0,10.0,6,0.3031236039941048,-1.5716167476889222,2.177863955677132,0.5
32,0.9,CAP:16,M1,10.0,6,0.1421092163005048,-2.1579046519268976,2.442123084527907,0.3333333333333333
32,0.9,SW:fixed3,M0,10.0,6,0.4695249131739254,-0.7145215058664434,1.653571332214294,0.5
32,0.9,SW:fixed3,M1,10.0,6,0.30851052548032537,-0.9999680984776063,1.8511374935535805,0.3333333333333333
32,0.9,SW:fixed10,M0,10.0,6,-0.6554426825126098,-2.3261778345332713,0.8787148931720257,0.3333333333333333
32,0.9,SW:fixed10,M1,10.0,6,-0.8164570702062097,-2.475046850808408,0.8421327103959886,0.3333333333333333
32,0.9,SW:stag3,M0,10.0,6,0.34986126289931335,-1.0539906543758102,1.6318597230179759,0.6666666666666666
32,0.9,SW:stag3,M1,10.0,6,0.18884687520571353,-1.0152278936094399,1.3929216440208667,0.5
32,0.9,CAPSCHED:3,M0,10.0,6,0.2521697091182208,-0.5252415086767526,1.029580926913194,0.5
32,0.9,CAPSCHED:3,M1,10.0,6,0.0911553214246208,-1.1060933790611482,1.315723804600323,0.3333333333333333
32,0.9,INTERLEAVE,M0,10.0,6,2.914776305937546,1.48541189461662,4.137962215706816,1.0
32,0.9,INTERLEAVE,M1,10.0,6,2.7537619182439466,1.6367822286799667,3.9168822195137523,0.6666666666666666
32,0.9,BANDIT:8,M0,10.0,6,1.2388324442771554,-0.24869279446433534,3.020447548142208,0.6666666666666666
32,0.9,BANDIT:8,M1,10.0,6,1.0778180565835556,-0.5341393870754981,3.377159808607875,0.5
32,0.9,M0,M1,30.0,6,-2.5630580664751457,-3.2411334861333483,-1.9105991765919226,0.0
32,0.9,M1,M0,30.0,6,2.5630580664751457,1.9105991765919226,3.2411334861333483,1.0
32,0.9,CAP:8,M0,30.0,6,1.7433650149890667,0.011507567469445923,3.629902862495309,0.6666666666666666
32,0.9,CAP:8,M1,30.0,6,-0.8196930514860788,-3.1948869261316863,1.2948528361638896,0.16666666666666666
32,0.9,CAP:16,M0,30.0,6,1.8645064743664261,0.5509246848604623,3.1780882638723904,0.6666666666666666
32,0.9,CAP:16,M1,30.0,6,-0.6985515921087193,-2.184234201722501,0.9136412809260754,0.5
32,0.9,SW:fixed3,M0,30.0,6,0.5734989671844261,-0.046817599837352716,1.1123557876718657,0.6666666666666666
32,0.9,SW:fixed3,M1,30.0,6,-1.9895590992907195,-2.9057371141102397,-1.0406807146614354,0.0
32,0.9,SW:fixed10,M0,30.0,6,-0.01020132171696253,-0.981921992175151,0.961519348741226,0.5
32,0.9,SW:fixed10,M1,30.0,6,-2.573259388192108,-3.9924561487797843,-1.2383008292501296,0.0
32,0.9,SW:stag3,M0,30.0,6,0.7345568316203298,-0.6757093364231,2.10696184547975,0.6666666666666666
32,0.9,SW:stag3,M1,30.0,6,-1.8285012348548157,-3.8131647123445234,-0.12149917464180127,0.3333333333333333
32,0.9,CAPSCHED:3,M0,30.0,6,0.6120021570191089,0.11693311710234065,1.1104235760212868,0.8333333333333333
32,0.9,CAPSCHED:3,M1,30.0,6,-1.9510559094560365,-3.031328870246239,-0.8770045434543146,0.16666666666666666
32,0.9,INTERLEAVE,M0,30.0,6,3.691371744944994,2.141207909173535,4.95311080486399,1.0
32,0.9,INTERLEAVE,M1,30.0,6,1.1283136784698486,-0.3744687482804343,2.6305403050351996,0.5
32,0.9,BANDIT:8,M0,30.0,6,3.0050912857849235,2.543495051040496,3.4666875205293506,1.0
32,0.9,BANDIT:8,M1,30.0,6,0.4420332193097778,-0.7100126583659165,1.1777569330911817,0.8333333333333333
32,0.9,M0,M1,60.0,6,-2.372876937660188,-3.0144128074256207,-1.7313410678947556,0.0
32,0.9,M1,M0,60.0,6,2.372876937660188,1.7313410678947556,3.0144128074256207,1.0
32,0.9,CAP:8,M0,60.0,6,1.489392829924928,-0.46124695364263457,3.494792303037697,0.8333333333333333
32,0.9,CAP:8,M1,60.0,6,-0.88348410773526,-3.5735302783421132,1.274899363390249,0.3333333333333333
32,0.9,CAP:16,M0,60.0,6,1.9638166188744977,0.5159877951746363,3.5648961142546813,0.6666666666666666
32,0.9,CAP:16,M1,60.0,6,-0.4090603187856905,-2.430861556586723,1.6138291337237427,0.5
32,0.9,SW:fixed3,M0,60.0,6,0.6239350237705306,-0.35065973701235187,1.966559919758441,0.6666666666666666
32,0.9,SW:fixed3,M1,60.0,6,-1.7489419138896576,-3.2336374980799025,0.14630091665137246,0.16666666666666666
32,0.9,SW:fixed10,M0,60.0,6,0.24080675658511017,-0.18209211571293898,0.7046791429701262,0.6666666666666666
32,0.9,SW:fixed10,M1,60.0,6,-2.132070181075078,-3.047112066523659,-1.117738919559783,0.0
32,0.9,SW:stag3,M0,60.0,6,1.013469429619294,-0.21155576527629408,2.007603037274807,0.8333333333333333
32,0.9,SW:stag3,M1,60.0,6,-1.3594075080408938,-3.280335945758626,0.09247092799911971,0.3333333333333333
32,0.9,CAPSCHED:3,M0,60.0,6,0.3473986561914225,-0.3924836574472724,1.0944487987207436,0.6666666666666666
32,0.9,CAPSCHED:3,M1,60.0,6,-2.0254782814687657,-3.072131316367499,-1.1005734616311447,0.16666666666666666
32,0.9,INTERLEAVE,M0,60.0,6,3.9608532484948107,2.6462305981400487,5.183979794693542,1.0
32,0.9,INTERLEAVE,M1,60.0,6,1.5879763108346228,0.3901346856720339,2.986167684033639,0.8333333333333333
32,0.9,BANDIT:8,M0,60.0,6,2.676362110163442,1.740814757829808,3.2370242357658823,0.8333333333333333
32,0.9,BANDIT:8,M1,60.0,6,0.303485172503254,-1.3109685370814752,1.5077468833044585,0.6666666666666666
32,0.95,M0,M1,0.0,3,0.0,0.0,0.0,0.0
32,0.95,M1,M0,0.0,3,0.0,0.0,0.0,0.0
32,0.95,CAP:8,M0,0.0,3,0.0,0.0,0.0,0.0
32,0.95,CAP:8,M1,0.0,3,0.0,0.0,0.0,0.0
32,0.95,CAP:16,M0,0.0,3,0.0,0.0,0.0,0.0
32,0.95,CAP:16,M1,0.0,3,0.0,0.0,0.0,0.0
32,0.95,SW:fixed3,M0,0.0,3,0.0,0.0,0.0,0.0
32,0.95,SW:fixed3,M1,0.0,3,0.0,0.0,0.0,0.0
32,0.95,SW:fixed10,M0,0.0,3,0.0,0.0,0.0,0.0
32,0.95,SW:fixed10,M1,0.0,3,0.0,0.0,0.0,0.0
32,0.95,SW:stag3,M0,0.0,3,0.0,0.0,0.0,0.0
32,0.95,SW:stag3,M1,0.0,3,0.0,0.0,0.0,0.0
32,0.95,CAPSCHED:3,M0,0.0,3,0.0,0.0,0.0,0.0
32,0.95,CAPSCHED:3,M1,0.0,3,0.0,0.0,0.0,0.0
32,0.95,INTERLEAVE,M0,0.0,3,0.0,0.0,0.0,0.0
32,0.95,INTERLEAVE,M1,0.0,3,0.0,0.0,0.0,0.0
32,0.95,BANDIT:8,M0,0.0,3,0.0,0.0,0.0,0.0
32,0.95,BANDIT:8,M1,0.0,3,0.0,0.0,0.0,0.0
32,0.95,M0,M1,0.1,3,-4.248031997369998,-6.698920571920517,-1.9141257468822956,0.0
32,0.95,M1,M0,0.1,3,4.248031997369998,1.9141257468822956,6.698920571920517,1.0
32,0.95,CAP:8,M0,0.1,3,2.953004005787175,-1.6794556398246252,7.427778603239396,0.6666666666666666
32,0.95,CAP:8,M1,0.1,3,-1.295027991582823,-3.5935813867069206,0.7288580313188788,0.3333333333333333
32,0.95,CAP:16,M0,0.1,3,2.953004005787175,-1.6794556398246252,7.427778603239396,0.6666666666666666
32,0.95,CAP:16,M1,0.1,3,-1.295027991582823,-3.5935813867069206,0.7288580313188788,0.3333333333333333
32,0.95,SW:fixed3,M0,0.1,3,3.867091226188686,1.9141257468822956,6.046491382431704,1.0
32,0.95,SW:fixed3,M1,0.1,3,-0.38094077118131214,-0.6524291894888137,0.0,0.0
32,0.95,SW:fixed10,M0,0.1,3,5.34141436921911,1.8736836465893372,9.830049349924359,1.0
32,0.95,SW:fixed10,M1,0.1,3,1.0933823718491122,-0.04044210029295847,3.1311287780038413,0.6666666666666666
32,0.95,SW:stag3,M0,0.1,3,3.806290565316042,1.8736836465893372,5.904531500106732,1.0
32,0.95,SW:stag3,M1,0.1,3,-0.44174143205395566,-0.7943890718137858,-0.04044210029295847,0.0
32,0.95,CAPSCHED:3,M0,0.1,3,5.093689575408924,1.6568281337137531,9.983584043260961,1.0
32,0.95,CAPSCHED:3,M1,0.1,3,0.8456575780389265,-0.4903931240551227,2.1040097765041152,0.3333333333333333
32,0.95,INTERLEAVE,M0,0.1,3,3.3915936779200515,1.6568281337137531,4.877296350794342,1.0
32,0.95,INTERLEAVE,M1,0.1,3,-0.8564383194499466,-1.821624221126175,-0.25729761316854205,0.0
32,0.95,BANDIT:8,M0,0.1,3,4.179207465983898,1.6568281337137531,6.003497913443596,1.0
32,0.95,BANDIT:8,M1,0.1,3,-0.06882453138610096,-1.821624221126175,1.8724482401364142,0.3333333333333333
32,0.95,M0,M1,0.3,3,-0.7099989628408506,-2.2546671679412142,2.2799091405898224,0.3333333333333333
32,0.95,M1,M0,0.3,3,0.7099989628408506,-2.2799091405898224,2.2546671679412142,0.6666666666666666
32,0.95,CAP:8,M0,0.3,3,0.03843485387026243,-1.8284544968356755,1.2611838609442447,0.6666666666666666
32,0.95,CAP:8,M1,0.3,3,-0.6715641089705883,-1.472663663668942,0.4514546437541469,0.3333333333333333
32,0.95,CAP:16,M0,0.3,3,0.21477299140760828,-2.6572506798670688,2.6153667653770625,0.6666666666666666
32,0.95,CAP:16,M1,0.3,3,-0.4952259714332425,-1.5684642792283832,0.4601279042059021,0.3333333333333333
32,0.95,SW:fixed3,M0,0.3,3,2.0021803289590956,0.1787942201338133,3.9136210198611785,1.0
32,0.95,SW:fixed3,M1,0.3,3,1.292181366118245,-0.24111311428886495,2.4587033607236357,0.6666666666666666
32,0.95,SW:fixed10,M0,0.3,3,1.5076307808293574,1.0768219265997612,2.064079185234728,1.0
32,0.95,SW:fixed10,M1,0.3,3,0.7976318179885066,-1.177845241341453,3.661900371243405,0.3333333333333333
32,0.95,SW:stag3,M0,0.3,3,0.8466423257356842,-1.7988005542717858,4.575443152668244,0.3333333333333333
32,0.95,SW:stag3,M1,0.3,3,0.13664336289483328,-2.49138278913062,2.4202042914970834,0.6666666666666666
32,0.95,CAPSCHED:3,M0,0.3,3,2.213064203407919,1.6568281337137531,2.5441730870750163,1.0
32,0.95,CAPSCHED:3,M1,0.3,3,1.5030652405670681,-0.498410727457407,4.824082227664839,0.6666666666666666
32,0.95,INTERLEAVE,M0,0.3,3,2.6529599293657067,-1.8738617764448229,6.873105141913754,0.6666666666666666
32,0.95,INTERLEAVE,M1,0.3,3,1.9429609665248557,0.40604736414499953,4.61843797397254,1.0
32,0.95,BANDIT:8,M0,0.3,3,2.0146489480311818,-1.0879712018024037,5.2582343993066125,0.6666666666666666
32,0.95,BANDIT:8,M1,0.3,3,1.3046499851903313,-0.2815552145818234,3.0035672313653983,0.6666666666666666
32,0.95,M0,M1,1.0,3,-1.531258442453847,-4.027613066063502,0.04976524147866712,0.3333333333333333
32,0.95,M1,M0,1.0,3,1.531258442453847,-0.04976524147866712,4.027613066063502,0.6666666666666666
32,0.95,CAP:8,M0,1.0,3,-1.0373471502330867,-3.739106133642693,0.8097239702882097,0.3333333333333333
32,0.95,CAP:8,M1,1.0,3,-2.5686055926869336,-4.210272353408278,0.19379646751150403,0.3333333333333333
32,0.95,CAP:16,M0,1.0,3,0.1879559868337619,-1.8063875667058689,1.2172241533905446,0.6666666666666666
32,0.95,CAP:16,M1,1.0,3,-1.343302455620085,-2.874581692246892,0.6012966506138389,0.3333333333333333
32,0.95,SW:fixed3,M0,1.0,3,-0.31429429789686303,-4.888245225058721,5.20326289600585,0.3333333333333333
32,0.95,SW:fixed3,M1,1.0,3,-1.84555274035071,-4.838479983580054,1.1756498299423477,0.3333333333333333
32,0.95,SW:fixed10,M0,1.0,3,0.3119122927415641,-4.108826242366597,3.5154904843185903,0.6666666666666666
32,0.95,SW:fixed10,M1,1.0,3,-1.2193461497122826,-4.0590610008879295,0.913145133495993,0.3333333333333333
32,0.95,SW:stag3,M0,1.0,3,-0.1461804303644767,-3.4542170612191256,1.8533720432663294,0.6666666666666666
32,0.95,SW:stag3,M1,1.0,3,-1.6774388728183236,-3.4044518197404585,0.5463762240826604,0.3333333333333333
32,0.95,CAPSCHED:3,M0,1.0,3,1.8293488912824063,-0.33928653052686997,4.976180732095781,0.6666666666666666
32,0.95,CAPSCHED:3,M1,1.0,3,0.2980904488285594,-0.9552140333035757,0.9485676660322788,0.6666666666666666
32,0.95,INTERLEAVE,M0,1.0,3,2.761743522148118,1.35415074639209,4.698715587002368,1.0
32,0.95,INTERLEAVE,M1,1.0,3,1.2304850796942712,-1.7952488330136056,4.082788084225662,0.6666666666666666
32,0.95,BANDIT:8,M0,1.0,3,1.8252156464857523,1.0066117692531193,2.488825981492753,1.0
32,0.95,BANDIT:8,M1,1.0,3,0.29395720403190556,-2.0474038773521173,1.8728984787160474,0.6666666666666666
32,0.95,M0,M1,3.0,3,-0.07956742467660109,-3.145731636921301,2.005789218331458,0.6666666666666666
32,0.95,M1,M0,3.0,3,0.07956742467660109,-2.005789218331458,3.145731636921301,0.3333333333333333
32,0.95,CAP:8,M0,3.0,3,-0.723401391782127,-2.3156906662801084,0.973561159620072,0.3333333333333333
32,0.95,CAP:8,M1,3.0,3,-0.8029688164587281,-3.9738063056076456,1.874801304180112,0.3333333333333333
32,0.95,CAP:16,M0,3.0,3,1.1951399583124125,-0.8919346146624001,2.432699165664051,0.6666666666666666
32,0.95,CAP:16,M1,3.0,3,1.1155725336358113,-1.1010763129857146,3.333939310224091,0.6666666666666666
32,0.95,SW:fixed3,M0,3.0,3,0.4166514382539616,-4.565545640015852,5.245662859657774,0.6666666666666666
32,0.95,SW:fixed3,M1,3.0,3,0.3370840135773605,-2.559756421684394,2.0999312227364726,0.6666666666666666
32,0.95,SW:fixed10,M0,3.0,3,-0.5281110760731149,-5.243939477112846,2.117082536642325,0.6666666666666666
32,0.95,SW:fixed10,M1,3.0,3,-0.607678500749716,-3.2381502587813884,2.4437638568112163,0.3333333333333333
32,0.95,SW:stag3,M0,3.0,3,0.127647700172392,-0.20726284434647546,0.5006271637751887,0.6666666666666666
32,0.95,SW:stag3,M1,3.0,3,0.04808027549579089,-2.6451044731461124,2.0953679994199206,0.6666666666666666
32,0.95,CAPSCHED:3,M0,3.0,3,1.9605696540952255,-0.5046057697485935,3.433340883593319,0.6666666666666666
32,0.95,CAPSCHED:3,M1,3.0,3,1.8810022294186244,-0.19275778848034975,4.334581028153359,0.6666666666666666
32,0.95,INTERLEAVE,M0,3.0,3,2.001806268631564,-1.5470253119876105,3.8270025261347485,0.6666666666666666
32,0.95,INTERLEAVE,M1,3.0,3,1.922238843954963,0.45876390634384734,4.728242670694788,1.0
32,0.95,BANDIT:8,M0,3.0,3,2.2323242546533564,-1.1837590820257837,7.040098638075094,0.6666666666666666
32,0.95,BANDIT:8,M1,3.0,3,2.1527568299767554,0.8220301363056741,3.8943670011537925,1.0
32,0.95,M0,M1,10.0,3,0.518431676566537,-0.3911254268544546,2.1514618744058644,0.3333333333333333
32,0.95,M1,M0,10.0,3,-0.518431676566537,-2.1514618744058644,0.3911254268544546,0.6666666666666666
32,0.95,CAP:8,M0,10.0,3,3.9058784164061477,2.6966824092498136,5.277371844680879,1.0
32,0.95,CAP:8,M1,10.0,3,4.424310092972685,2.4916409913980146,7.428833719086743,1.0
32,0.95,CAP:16,M0,10.0,3,3.7798542318186983,2.8706065014927944,4.4039715781872175,1.0
32,0.95,CAP:16,M1,10.0,3,4.298285908385235,2.4794810746383398,6.555433452593082,1.0
32,0.95,SW:fixed3,M0,10.0,3,-0.3617781378669882,-1.174617895303161,1.1418719884471287,0.3333333333333333
32,0.95,SW:fixed3,M1,10.0,3,0.15665353869954876,-1.2576299245967313,0.9768439791027035,0.6666666666666666
32,0.95,SW:fixed10,M0,10.0,3,1.3889887498525664,-0.5780616528326661,4.045390339714423,0.6666666666666666
32,0.95,SW:fixed10,M1,10.0,3,1.9074204264191035,-2.0608022861930735,4.128798652590415,0.6666666666666666
32,0.95,SW:stag3,M0,10.0,3,-1.6955713409543123,-3.6031637074354563,0.08957878108846273,0.3333333333333333
32,0.95,SW:stag3,M1,10.0,3,-1.1771396643877754,-3.994289134289911,0.578332777889921,0.3333333333333333
32,0.95,CAPSCHED:3,M0,10.0,3,0.06668152396865601,-1.1508170227696937,1.8554673644242552,0.3333333333333333
32,0.95,CAPSCHED:3,M1,10.0,3,0.585113200535193,-1.5419424496241483,4.00692923883012,0.3333333333333333
32,0.95,INTERLEAVE,M0,10.0,3,3.063865703825229,1.6643265529788849,5.2671333534262175,1.0
32,0.95,INTERLEAVE,M1,10.0,3,3.582297380391766,1.2732011261244303,7.418595227832082,1.0
32,0.95,BANDIT:8,M0,10.0,3,3.4228972317824167,1.7048764032474644,4.416120710396594,1.0
32,0.95,BANDIT:8,M1,10.0,3,3.9413289083489538,3.756569154848737,4.211079292544795,1.0
32,0.95,M0,M1,30.0,3,-0.7493511600643975,-1.9574244942502226,0.8855440176387113,0.3333333333333333
32,0.95,M1,M0,30.0,3,0.7493511600643975,-0.8855440176387113,1.9574244942502226,0.6666666666666666
32,0.95,CAP:8,M0,30.0,3,5.320258632308711,3.8391433664470895,7.570037812579017,1.0
32,0.95,CAP:8,M1,30.0,3,4.570907472244314,1.881718872196867,8.455581830217728,1.0
32,0.95,CAP:16,M0,30.0,3,3.7263550061302637,2.403913420299027,4.478745466555793,1.0
32,0.95,CAP:16,M1,30.0,3,2.977003846065866,2.338981637285748,3.302572462974112,1.0
32,0.95,SW:fixed3,M0,30.0,3,-0.8234388599495599,-2.0244076786161145,0.8720747814003786,0.3333333333333333
32,0.95,SW:fixed3,M1,30.0,3,-1.5727900200139573,-2.494156686214625,-1.085349712849844,0.0
32,0.95,SW:fixed10,M0,30.0,3,0.3529257903970642,-1.04956969023905,1.2292363887790625,0.6666666666666666
32,0.95,SW:fixed10,M1,30.0,3,-0.39642536966733327,-3.0069941844892725,1.7646546902898912,0.6666666666666666
32,0.95,SW:stag3,M0,30.0,3,0.6988100740245162,-4.46548253726095,3.8221189142551317,0.6666666666666666
32,0.95,SW:stag3,M1,30.0,3,-0.05054108603988124,-3.579938519622239,1.8646944200049091,0.6666666666666666
32,0.95,CAPSCHED:3,M0,30.0,3,0.44152723335636485,-1.0310682908500723,1.8196771775403224,0.6666666666666666
32,0.95,CAPSCHED:3,M1,30.0,3,-0.30782392670803266,-1.4214516808713782,0.6435041739586413,0.3333333333333333
32,0.95,INTERLEAVE,M0,30.0,3,3.8053684418846725,3.1683224304765503,4.388642265646633,1.0
32,0.95,INTERLEAVE,M1,30.0,3,3.056017281820275,1.901716135280612,4.0538664481152615,1.0
32,0.95,BANDIT:8,M0,30.0,3,4.311971663203428,2.438909612777465,7.487800385741419,1.0
32,0.95,BANDIT:8,M1,30.0,3,3.5626205031390303,1.8330319875097185,5.530375891491197,1.0
32,0.95,M0,M1,60.0,3,-0.06707538370710904,-1.5484353224605627,2.506263425362496,0.3333333333333333
32,0.95,M1,M0,60.0,3,0.06707538370710904,-2.506263425362496,1.5484353224605627,0.6666666666666666
32,0.95,CAP:8,M0,60.0,3,3.5634967124192953,-0.8402024001568265,7.6941797648815395,0.6666666666666666
32,0.95,CAP:8,M1,60.0,3,3.496421328712186,1.6660610252056696,6.145744442420977,1.0
32,0.95,CAP:16,M0,60.0,3,1.7979804110644213,-0.7616737240254636,3.9956900920009666,0.6666666666666666
32,0.95,CAP:16,M1,60.0,3,1.730905027357312,0.611489542757198,2.836635837977706,1.0
32,0.95,SW:fixed3,M0,60.0,3,-1.4295650232895458,-2.275930138583476,0.09252336941081651,0.3333333333333333
32,0.95,SW:fixed3,M1,60.0,3,-1.496640406996655,-3.8243654610440387,0.40097512466651786,0.3333333333333333
32,0.95,SW:fixed10,M0,60.0,3,-0.7653296755540536,-3.1287329006304123,0.6275882126838184,0.6666666666666666
32,0.95,SW:fixed10,M1,60.0,3,-0.8324050592611627,-0.9538985927388275,-0.6224694752679163,0.0
32,0.95,SW:stag3,M0,60.0,3,1.107202956093922,-1.1685051228153274,2.8894147327571638,0.6666666666666666
32,0.95,SW:stag3,M1,60.0,3,1.0401275723868129,0.05226393587936684,1.7303604787339033,1.0
32,0.95,CAPSCHED:3,M0,60.0,3,0.009881115430882659,-1.2967794774897605,2.1731782465868505,0.3333333333333333
32,0.95,CAPSCHED:3,M1,60.0,3,-0.05719426827622639,-1.555785622142384,0.759459893187417,0.6666666666666666
32,0.95,INTERLEAVE,M0,60.0,3,2.892188543389558,0.5387859346011972,4.989378219980175,1.0
32,0.95,INTERLEAVE,M1,60.0,3,2.825113159682449,1.9893472215640422,3.440942897519612,1.0
32,0.95,BANDIT:8,M0,60.0,3,3.4198010541726087,-1.9866749106204136,6.555096204243451,0.6666666666666666
32,0.95,BANDIT:8,M1,60.0,3,3.3527256704654995,0.5195885147420825,5.396041950220191,1.0
64,0.9,M0,M1,0.0,6,0.0,0.0,0.0,0.0
64,0.9,M1,M0,0.0,6,0.0,0.0,0.0,0.0
64,0.9,CAP:8,M0,0.0,6,0.0,0.0,0.0,0.0
64,0.9,CAP:8,M1,0.0,6,0.0,0.0,0.0,0.0
64,0.9,CAP:16,M0,0.0,6,0.0,0.0,0.0,0.0
64,0.9,CAP:16,M1,0.0,6,0.0,0.0,0.0,0.0
64,0.9,SW:fixed3,M0,0.0,6,0.0,0.0,0.0,0.0
64,0.9,SW:fixed3,M1,0.0,6,0.0,0.0,0.0,0.0
64,0.9,SW:fixed10,M0,0.0,6,0.0,0.0,0.0,0.0
64,0.9,SW:fixed10,M1,0.0,6,0.0,0.0,0.0,0.0
64,0.9,SW:stag3,M0,0.0,6,0.0,0.0,0.0,0.0
64,0.9,SW:stag3,M1,0.0,6,0.0,0.0,0.0,0.0
64,0.9,CAPSCHED:3,M0,0.0,6,0.0,0.0,0.0,0.0
64,0.9,CAPSCHED:3,M1,0.0,6,0.0,0.0,0.0,0.0
64,0.9,INTERLEAVE,M0,0.0,6,0.0,0.0,0.0,0.0
64,0.9,INTERLEAVE,M1,0.0,6,0.0,0.0,0.0,0.0
64,0.9,BANDIT:8,M0,0.0,6,0.0,0.0,0.0,0.0
64,0.9,BANDIT:8,M1,0.0,6,0.0,0.0,0.0,0.0
64,0.9,M0,M1,0.1,6,-0.14582415067576857,-1.0989824876651968,0.6917495053245593,0.5
64,0.9,M1,M0,0.1,6,0.14582415067576857,-0.6917495053245593,1.0989824876651968,0.5
64,0.9,CAP:8,M0,0.1,6,-0.15679702785994049,-1.4462951091295946,1.2387628870441052,0.3333333333333333
64,0.9,CAP:8,M1,0.1,6,-0.302621178535709,-1.253858676012541,0.7778881447572749,0.16666666666666666
64,0.9,CAP:16,M0,0.1,6,0.18372829527247037,-1.1983041990775307,1.5657607896224717,0.5
64,0.9,CAP:16,M1,0.1,6,0.03790414459670177,-0.8080706467725449,1.1007232635968542,0.3333333333333333
64,0.9,SW:fixed3,M0,0.1,6,-0.07407524547698408,-1.3630060200870573,1.1863848685365068,0.5
64,0.9,SW:fixed3,M1,0.1,6,-0.2198993961527526,-1.3995800383605699,0.9597812460550645,0.3333333333333333
64,0.9,SW:fixed10,M0,0.1,6,-0.07407524547698408,-1.3630060200870573,1.2148555291330891,0.5
64,0.9,SW:fixed10,M1,0.1,6,-0.2198993961527526,-1.3995800383605699,0.9597812460550645,0.3333333333333333
64,0.9,SW:stag3,M0,0.1,6,0.2481320492048487,-0.5194031231085573,1.449225228005916,0.6666666666666666
64,0.9,SW:stag3,M1,0.1,6,0.1023078985290801,-0.4327780785489037,0.637393875607064,0.3333333333333333
64,0.9,CAPSCHED:3,M0,0.1,6,-0.5786545904452349,-1.8638034263994443,0.7486800179390739,0.3333333333333333
64,0.9,CAPSCHED:3,M1,0.1,6,-0.7244787411210036,-1.5709322161890875,0.0,0.0
64,0.9,INTERLEAVE,M0,0.1,6,0.30946798240228474,-0.8411968393881748,1.4601328041927442,0.6666666666666666
64,0.9,INTERLEAVE,M1,0.1,6,0.16364383172651614,-0.6305612403475859,1.0520957455534614,0.5
64,0.9,BANDIT:8,M0,0.1,6,-0.7375580032107567,-1.9902201454869584,0.6388270713127133,0.3333333333333333
64,0.9,BANDIT:8,M1,0.1,6,-0.8833821538865254,-1.6761433200068128,-0.18359213470624045,0.0
64,0.9,M0,M1,0.3,6,-3.011339650490684,-4.395826277975857,-1.9721398929606417,0.3333333333333333
64,0.9,M1,M0,0.3,6,3.011339650490684,1.9721398929606417,4.47557960848908,0.6666666666666666
64,0.9,CAP:8,M0,0.3,6,2.830802801169615,1.3122804280960936,4.381365027585506,1.0
64,0.9,CAP:8,M1,0.3,6,-0.1805368493210685,-1.4468734361979068,0.9251886083245461,0.5
64,0.9,CAP:16,M0,0.3,6,2.7401052973219064,2.493110151027635,2.987100443616178,1.0
64,0.9,CAP:16,M1,0.3,6,-0.2712343531687772,-1.539358579086866,0.7281133065108438,0.3333333333333333
64,0.9,SW:fixed3,M0,0.3,6,2.854556907984122,0.9723566925447968,4.94985641180241,0.6666666666666666
64,0.9,SW:fixed3,M1,0.3,6,-0.15678274250656132,-1.172831935166762,0.7836838634307611,0.16666666666666666
64,0.9,SW:fixed10,M0,0.3,6,3.264237197197278,1.6918487914575995,5.553639255607184,0.6666666666666666
64,0.9,SW:fixed10,M1,0.3,6,0.252897546706594,-0.41683315502635976,1.1755257951461417,0.16666666666666666
64,0.9,SW:stag3,M0,0.3,6,3.309002554955437,1.9721398929606417,5.271102173855302,0.6666666666666666
64,0.9,SW:stag3,M1,0.3,6,0.2976629044647532,0.0,0.8929887133942596,0.16666666666666666
64,0.9,CAPSCHED:3,M0,0.3,6,2.327851087190923,0.6619808068875628,3.8846566059004717,0.6666666666666666
64,0.9,CAPSCHED:3,M1,0.3,6,-0.683488563299761,-1.525578006939743,-0.03442357372838023,0.16666666666666666
64,0.9,INTERLEAVE,M0,0.3,6,2.913633798201391,0.6438138145646777,5.571352073121998,0.6666666666666666
64,0.9,INTERLEAVE,M1,0.3,6,-0.09770585228929285,-1.4686433520140205,1.1755257951461417,0.16666666666666666
64,0.9,BANDIT:8,M0,0.3,6,1.689430116876348,-0.06740046337156688,3.1316531669929812,0.6666666666666666
64,0.9,BANDIT:8,M1,0.3,6,-1.3219095336143356,-3.0187054283873973,-0.041867693151968144,0.0
64,0.9,M0,M1,1.0,6,2.102745051056275,0.6695119681350837,3.5359781339774656,0.8333333333333333
64,0.9,M1,M0,1.0,6,-2.102745051056275,-3.5359781339774656,-0.6695119681350837,0.16666666666666666
64,0.9,CAP:8,M0,1.0,6,-1.2190618253539984,-2.3547872148837126,0.0010483827188275119,0.16666666666666666
64,0.9,CAP:8,M1,1.0,6,0.8836832257022763,-0.001672058915475838,2.0542433089625898,0.6666666666666666
64,0.9,CAP:16,M0,1.0,6,-1.6039240164556614,-2.6488490482768903,-0.5589989846344325,0.16666666666666666
64,0.9,CAP:16,M1,1.0,6,0.4988210346006131,0.023153875732414564,0.9536600243531094,0.5
64,0.9,SW:fixed3,M0,1.0,6,-1.9391418385882364,-3.23680222911349,-0.6414814480629829,0.16666666666666666
64,0.9,SW:fixed3,M1,1.0,6,0.1636032124680383,0.0,0.4067180771878123,0.3333333333333333
64,0.9,SW:fixed10,M0,1.0,6,-1.767423216714259,-3.393476143480382,-0.1334662575311691,0.3333333333333333
64,0.9,SW:fixed10,M1,1.0,6,0.3353218343420156,-0.08195501839026686,0.8450460751010054,0.3333333333333333
64,0.9,SW:stag3,M0,1.0,6,-2.0972592616795467,-3.506748473133622,-0.6877700502254714,0.16666666666666666
64,0.9,SW:stag3,M1,1.0,6,0.005485789376727869,-0.16548885116637177,0.1582023478294398,0.3333333333333333
64,0.9,CAPSCHED:3,M0,1.0,6,-1.9480590679607972,-3.381292150881988,-0.5148259850396061,0.16666666666666666
64,0.9,CAPSCHED:3,M1,1.0,6,0.15468598309547765,0.0,0.46405794928643296,0.16666666666666666
64,0.9,INTERLEAVE,M0,1.0,6,-0.8057235949158341,-2.6578028618008185,0.9804742402941118,0.3333333333333333
64,0.9,INTERLEAVE,M1,1.0,6,1.2970214561404407,0.13686878254722856,3.1296406153307252,0.5
64,0.9,BANDIT:8,M0,1.0,6,-1.869266015613984,-3.146469095142659,-0.5911340575804032,0.16666666666666666
64,0.9,BANDIT:8,M1,1.0,6,0.23347903544229087,-0.00012625536496191359,0.4679637548125859,0.3333333333333333
64,0.9,M0,M1,3.0,6,3.956792615306438,1.6194741003131115,6.109900238382936,0.8333333333333333
64,0.9,M1,M0,3.0,6,-3.956792615306438,-6.109900238382936,-1.6194741003131115,0.16666666666666666
64,0.9,CAP:8,M0,3.0,6,-3.115473260935172,-5.648465396314674,-1.244412112324521,0.0
64,0.9,CAP:8,M1,3.0,6,0.8413193543712659,0.000532745824231573,1.9149420852630155,0.6666666666666666
64,0.9,CAP:16,M0,3.0,6,-3.308670774260575,-5.6569471367748605,-1.3319276699480331,0.0
64,0.9,CAP:16,M1,3.0,6,0.6481218410458627,0.21039382324890635,1.1285804834053603,0.5
64,0.9,SW:fixed3,M0,3.0,6,-2.9342323536863106,-4.501624268520523,-1.1639199228758426,0.16666666666666666
64,0.9,SW:fixed3,M1,3.0,6,1.0225602616201273,0.24597303330602482,2.3557429404859547,0.8333333333333333
64,0.9,SW:fixed10,M0,3.0,6,-2.941106796222066,-5.422773384819685,-0.459440207624447,0.3333333333333333
64,0.9,SW:fixed10,M1,3.0,6,1.0156858190843718,0.09303789152805993,1.8424861136484607,0.5
64,0.9,SW:stag3,M0,3.0,6,-2.665534105195251,-5.275022938175825,-0.7571817354763573,0.16666666666666666
64,0.9,SW:stag3,M1,3.0,6,1.2912585101111873,0.4669781187903584,2.2767964311240037,0.8333333333333333
64,0.9,CAPSCHED:3,M0,3.0,6,-3.26680004270363,-5.5597180998716595,-0.9738819855356008,0.16666666666666666
64,0.9,CAPSCHED:3,M1,3.0,6,0.6899925726028079,-0.17603486821312425,1.5560200134187399,0.5
64,0.9,INTERLEAVE,M0,3.0,6,-1.6955582123865915,-2.869435788560203,-0.4466044761746411,0.16666666666666666
64,0.9,INTERLEAVE,M1,3.0,6,2.2612344029198463,0.6834889626164049,4.033643095258787,0.6666666666666666
64,0.9,BANDIT:8,M0,3.0,6,-2.3451600142910576,-4.049044639393804,-0.8812549429030425,0.3333333333333333
64,0.9,BANDIT:8,M1,3.0,6,1.6116326010153808,0.1415868720552728,2.4024405860502074,0.8333333333333333
64,0.9,M0,M1,10.0,6,2.8501331236856475,0.6831009436783199,5.017165303692976,0.6666666666666666
64,0.9,M1,M0,10.0,6,-2.8501331236856475,-4.970691208348022,-0.6831009436783199,0.3333333333333333
64,0.9,CAP:8,M0,10.0,6,-2.09130594607908,-5.8239933639634,0.9171578338004913,0.16666666666666666
64,0.9,CAP:8,M1,10.0,6,0.7588271776065675,-2.2695602078529236,3.3803352529854904,0.6666666666666666
64,0.9,CAP:16,M0,10.0,6,-2.1058000917562287,-4.0832929023026665,-0.28758970636766296,0.16666666666666666
64,0.9,CAP:16,M1,10.0,6,0.7443330319294188,-1.4212690029944077,2.9099350668532455,0.5
64,0.9,SW:fixed3,M0,10.0,6,-0.18332590111883407,-1.5363459049927322,0.8846776137030075,0.6666666666666666
64,0.9,SW:fixed3,M1,10.0,6,2.6668072225668142,0.8130204228515223,4.737048663033422,0.8333333333333333
64,0.9,SW:fixed10,M0,10.0,6,-1.727072003628554,-4.883682485966316,0.6955701426403331,0.3333333333333333
64,0.9,SW:fixed10,M1,10.0,6,1.1230611200570935,-0.8960156561254619,3.1421378962396496,0.8333333333333333
64,0.9,SW:stag3,M0,10.0,6,0.19623747869060862,-1.27237320929691,1.664848166678127,0.6666666666666666
64,0.9,SW:stag3,M1,10.0,6,3.0463706023762565,0.5665223529534713,6.090225509011501,0.8333333333333333
64,0.9,CAPSCHED:3,M0,10.0,6,-0.1046397339693928,-0.8354043247904048,0.6261248568516191,0.5
64,0.9,CAPSCHED:3,M1,10.0,6,2.7454933897162546,0.5945070647983631,4.896479714634147,0.6666666666666666
64,0.9,INTERLEAVE,M0,10.0,6,-1.0609625850907811,-2.626753863941901,0.3423439623028897,0.3333333333333333
64,0.9,INTERLEAVE,M1,10.0,6,1.7891705385948669,0.20973363080342264,3.5536074804012197,0.6666666666666666
64,0.9,BANDIT:8,M0,10.0,6,-0.15791882542068156,-1.744012104480639,1.8091720313041293,0.5
64,0.9,BANDIT:8,M1,10.0,6,2.6922142982649664,1.5519853843208065,3.567896008098078,1.0
64,0.9,M0,M1,30.0,6,2.0302097564244312,0.29699752454486433,3.8319781969924724,0.8333333333333333
64,0.9,M1,M0,30.0,6,-2.0302097564244312,-3.8319781969924724,-0.44725106361816575,0.16666666666666666
64,0.9,CAP:8,M0,30.0,6,-1.1884402375493524,-2.491478301006517,0.0660230206409178,0.16666666666666666
64,0.9,CAP:8,M1,30.0,6,0.8417695188750788,-0.4020382514762864,2.4985280266837395,0.6666666666666666
64,0.9,CAP:16,M0,30.0,6,-1.6867266968693968,-3.4439216994176944,-0.20557300271996226,0.16666666666666666
64,0.9,CAP:16,M1,30.0,6,0.34348305955503444,-1.3564803823561766,2.5587821730363123,0.3333333333333333
64,0.9,SW:fixed3,M0,30.0,6,-0.5059406179528413,-0.8501871823377997,-0.16309134639811487,0.3333333333333333
64,0.9,SW:fixed3,M1,30.0,6,1.5242691384715896,-0.3634048345013798,3.479102027302803,0.6666666666666666
64,0.9,SW:fixed10,M0,30.0,6,0.2136455113241711,-0.5499655204599639,0.9994809328356223,0.5
64,0.9,SW:fixed10,M1,30.0,6,2.2438552677486023,-0.27519238564241577,4.76290292113962,0.6666666666666666
64,0.9,SW:stag3,M0,30.0,6,-0.18695542381653674,-1.2578216942773643,0.8726312469112489,0.5
64,0.9,SW:stag3,M1,30.0,6,1.8432543326078945,-0.6061747234893831,4.718721384266541,0.6666666666666666
64,0.9,CAPSCHED:3,M0,30.0,6,-0.26522287796540994,-1.022053159089854,0.5626274466721076,0.3333333333333333
64,0.9,CAPSCHED:3,M1,30.0,6,1.7649868784590212,-0.6697855841765135,4.394605643664581,0.5
64,0.9,INTERLEAVE,M0,30.0,6,-0.8086010623467716,-1.4704189739764553,-0.13147008106906366,0.16666666666666666
64,0.9,INTERLEAVE,M1,30.0,6,1.2216086940776594,-0.8582147621479743,3.3281290694460175,0.5
64,0.9,BANDIT:8,M0,30.0,6,-0.8458314029999426,-1.8649188214548285,0.46688429398169634,0.3333333333333333
64,0.9,BANDIT:8,M1,30.0,6,1.1843783534244885,-0.37646402060451223,2.578037455013744,0.5
64,0.9,M0,M1,60.0,6,1.7642523106094739,-0.10665393560034175,3.637035840348205,0.6666666666666666
64,0.9,M1,M0,60.0,6,-1.7642523106094739,-3.635158556819289,0.10665393560034175,0.3333333333333333
64,0.9,CAP:8,M0,60.0,6,-0.8953360126332586,-2.364091954043934,0.5734199287774165,0.3333333333333333
64,0.9,CAP:8,M1,60.0,6,0.8689162979762152,-0.6018607257181852,2.475630857131753,0.6666666666666666
64,0.9,CAP:16,M0,60.0,6,-1.7372844139074615,-4.218198305482037,-0.028762176796357515,0.3333333333333333
64,0.9,CAP:16,M1,60.0,6,0.02696789670201205,-1.916125587306278,2.08881761041886,0.3333333333333333
64,0.9,SW:fixed3,M0,60.0,6,-0.2478533307635991,-1.0618094038283876,0.42199289810611224,0.5
64,0.9,SW:fixed3,M1,60.0,6,1.5163989798458746,-0.10366051967673862,3.66138434832907,0.6666666666666666
64,0.9,SW:fixed10,M0,60.0,6,-0.304670774075024,-0.6949803754076701,0.16704264088915366,0.5
64,0.9,SW:fixed10,M1,60.0,6,1.4595815365344498,-0.6858853472206291,3.898286958651038,0.3333333333333333
64,0.9,SW:stag3,M0,60.0,6,-0.47803727046768135,-1.4163209301540634,0.47334131641290433,0.16666666666666666
64,0.9,SW:stag3,M1,60.0,6,1.2862150401417924,-0.8744081940153935,3.886452121100012,0.5
64,0.9,CAPSCHED:3,M0,60.0,6,0.0013807376635366492,-0.545839491538311,0.681304107502255,0.6666666666666666
64,0.9,CAPSCHED:3,M1,60.0,6,1.7656330482730103,-0.5221101834840344,4.485794025573013,0.5
64,0.9,INTERLEAVE,M0,60.0,6,-0.5239175359665165,-1.5911691320677566,0.6900829588195894,0.16666666666666666
64,0.9,INTERLEAVE,M1,60.0,6,1.2403347746429572,-0.6244338880759898,3.365046051640192,0.6666666666666666
64,0.9,BANDIT:8,M0,60.0,6,-0.6359777713555609,-1.955687314174412,0.5815138532795799,0.3333333333333333
64,0.9,BANDIT:8,M1,60.0,6,1.1282745392539129,0.26960535343302416,1.9869437250748014,0.6666666666666666
64,0.95,M0,M1,0.0,5,0.0,0.0,0.0,0.0
64,0.95,M1,M0,0.0,5,0.0,0.0,0.0,0.0
64,0.95,CAP:8,M0,0.0,5,0.0,0.0,0.0,0.0
64,0.95,CAP:8,M1,0.0,5,0.0,0.0,0.0,0.0
64,0.95,CAP:16,M0,0.0,5,0.0,0.0,0.0,0.0
64,0.95,CAP:16,M1,0.0,5,0.0,0.0,0.0,0.0
64,0.95,SW:fixed3,M0,0.0,5,0.0,0.0,0.0,0.0
64,0.95,SW:fixed3,M1,0.0,5,0.0,0.0,0.0,0.0
64,0.95,SW:fixed10,M0,0.0,5,0.0,0.0,0.0,0.0
64,0.95,SW:fixed10,M1,0.0,5,0.0,0.0,0.0,0.0
64,0.95,SW:stag3,M0,0.0,5,0.0,0.0,0.0,0.0
64,0.95,SW:stag3,M1,0.0,5,0.0,0.0,0.0,0.0
64,0.95,CAPSCHED:3,M0,0.0,5,0.0,0.0,0.0,0.0
64,0.95,CAPSCHED:3,M1,0.0,5,0.0,0.0,0.0,0.0
64,0.95,INTERLEAVE,M0,0.0,5,0.0,0.0,0.0,0.0
64,0.95,INTERLEAVE,M1,0.0,5,0.0,0.0,0.0,0.0
64,0.95,BANDIT:8,M0,0.0,5,0.0,0.0,0.0,0.0
64,0.95,BANDIT:8,M1,0.0,5,0.0,0.0,0.0,0.0
64,0.95,M0,M1,0.1,5,-0.145747810470155,-1.0965240508400913,1.57255067368506,0.16666666666666666
64,0.95,M1,M0,0.1,5,0.145747810470155,-1.57255067368506,1.0965240508400913,0.8333333333333333
64,0.95,CAP:8,M0,0.1,5,0.09455383965401759,-1.2887683786066486,1.005324205514746,0.8333333333333333
64,0.95,CAP:8,M1,0.1,5,-0.051193970816137524,-0.4536290801096026,0.3512411384773277,0.41666666666666663
64,0.95,CAP:16,M0,0.1,5,0.47393748501534383,-0.8825734406871095,1.8304484107177972,0.6666666666666666
64,0.95,CAP:16,M1,0.1,5,0.3281896745451888,-0.7484136523759473,1.404793001466325,0.41666666666666663
64,0.95,SW:fixed3,M0,0.1,5,-0.03464880675966747,-1.5268225657357446,1.0076593903990476,0.8333333333333333
64,0.95,SW:fixed3,M1,0.1,5,-0.18039661722982248,-0.4523251912484237,0.0,0.0
64,0.95,SW:fixed10,M0,0.1,5,0.14191011237872142,-1.5268225657357446,1.0965240508400913,0.8333333333333333
64,0.95,SW:fixed10,M1,0.1,5,-0.0038376980914335648,-0.011513094274300695,0.0,0.0
64,0.95,SW:stag3,M0,0.1,5,0.14191011237872142,-1.57255067368506,1.0965240508400913,0.8333333333333333
64,0.95,SW:stag3,M1,0.1,5,-0.0038376980914335648,-0.011513094274300695,0.0,0.0
64,0.95,CAPSCHED:3,M0,0.1,5,0.11228855889837352,-1.57255067368506,1.0180866882090582,0.8333333333333333
64,0.95,CAPSCHED:3,M1,0.1,5,-0.03345925157178146,-0.08886466044104369,0.0,0.0
64,0.95,INTERLEAVE,M0,0.1,5,0.14191011237872142,-1.57255067368506,1.077329795169754,0.8333333333333333
64,0.95,INTERLEAVE,M1,0.1,5,-0.0038376980914335648,-0.011513094274300695,0.0,0.0
64,0.95,BANDIT:8,M0,0.1,5,0.05142552893883559,-1.57255067368506,1.050795942890776,0.8333333333333333
64,0.95,BANDIT:8,M1,0.1,5,-0.09432228153131939,-0.28296684459395816,0.0,0.0
64,0.95,M0,M1,0.3,5,-0.7343581332348751,-2.6254796013304107,1.942776788759542,0.41666666666666663
64,0.95,M1,M0,0.3,5,0.7343581332348751,-1.5399353008485506,2.6254796013304107,0.5833333333333333
64,0.95,CAP:8,M0,0.3,5,2.0857996334048132,0.7990749526779288,3.2181522413882595,0.75
64,0.95,CAP:8,M1,0.3,5,1.3514415001699382,-0.27450005670969074,2.9773830570495674,0.5833333333333333
64,0.95,CAP:16,M0,0.3,5,1.2499353889595652,0.3966140215496915,2.1032567563694395,0.75
64,0.95,CAP:16,M1,0.3,5,0.5155772557246905,-1.9659261288214758,3.0301170349839532,0.41666666666666663
64,0.95,SW:fixed3,M0,0.3,5,-0.15626933893408948,-1.3193488340437463,1.314340117406409,0.41666666666666663
64,0.95,SW:fixed3,M1,0.3,5,-0.8906274721689643,-2.4405622666891658,0.9764028845699544,0.16666666666666666
64,0.95,SW:fixed10,M0,0.3,5,1.2173816657036913,-0.9406469343783409,2.7455335233067153,0.5833333333333333
64,0.95,SW:fixed10,M1,0.3,5,0.48302353246881635,0.0,0.966949134673717,0.41666666666666663
64,0.95,SW:stag3,M0,0.3,5,0.5991632029188072,-1.942776788759542,2.4436573151407517,0.5833333333333333
64,0.95,SW:stag3,M1,0.3,5,-0.13519493031606786,-0.2657027233274296,0.0,0.0
64,0.95,CAPSCHED:3,M0,0.3,5,0.7544495437096057,-0.6359462201192877,2.144845307538499,0.5833333333333333
64,0.95,CAPSCHED:3,M1,0.3,5,0.020091410474730648,-0.9804067656684454,1.2037191532891909,0.41666666666666663
64,0.95,INTERLEAVE,M0,0.3,5,1.151996732664545,-0.1596244979339686,2.4021067479446314,0.5833333333333333
64,0.95,INTERLEAVE,M1,0.3,5,0.4176385994296698,-0.39035442491579,1.7831522908255735,0.16666666666666666
64,0.95,BANDIT:8,M0,0.3,5,0.5979272835270122,-1.2872591831528217,1.8441301575143791,0.5833333333333333
64,0.95,BANDIT:8,M1,0.3,5,-0.13643084970786284,-0.8102637862894179,0.5374020868736921,0.41666666666666663
64,0.95,M0,M1,1.0,5,2.1196048489798938,-0.7123667920854627,4.95157649004525,0.5833333333333333
64,0.95,M1,M0,1.0,5,-2.1196048489798938,-4.95157649004525,0.7123667920854627,0.41666666666666663
64,0.95,CAP:8,M0,1.0,5,-0.1827163432170067,-1.9603471028076365,1.5949144163736233,0.25
64,0.95,CAP:8,M1,1.0,5,1.9368885057628868,0.8301685031333147,3.0436085083924596,0.8333333333333333
64,0.95,CAP:16,M0,1.0,5,-0.45374567004731503,-1.190519918965384,0.28302857887075394,0.5
64,0.95,CAP:16,M1,1.0,5,1.6658591789325787,-0.42954294165951634,3.7612612995246737,0.5833333333333333
64,0.95,SW:fixed3,M0,1.0,5,-2.3193694344264197,-4.35392676952451,-0.2848120993283293,0.41666666666666663
64,0.95,SW:fixed3,M1,1.0,5,-0.19976458544652598,-1.3311932714754735,0.9316641005824216,0.41666666666666663
64,0.95,SW:fixed10,M0,1.0,5,-0.5256633505061705,-2.627167186022364,1.5758404850100236,0.41666666666666663
64,0.95,SW:fixed10,M1,1.0,5,1.593941498473723,0.6390757251208814,2.548807271826565,0.8333333333333333
64,0.95,SW:stag3,M0,1.0,5,-2.077398859637964,-4.52856452257997,0.3737668033040423,0.41666666666666663
64,0.95,SW:stag3,M1,1.0,5,0.0422059893419298,-0.45663075471667763,0.5410427334005372,0.75
64,0.95,CAPSCHED:3,M0,1.0,5,-1.6244726308819308,-3.9112262235003366,0.662280961736475,0.41666666666666663
64,0.95,CAPSCHED:3,M1,1.0,5,0.495132218097963,-0.17159234719815916,1.1618567833940852,0.8333333333333333
64,0.95,INTERLEAVE,M0,1.0,5,-1.997891523114583,-4.128301279967511,0.1325182337383446,0.41666666666666663
64,0.95,INTERLEAVE,M1,1.0,5,0.12171332586531039,-0.7613259240986383,1.004752575829259,0.41666666666666663
64,0.95,BANDIT:8,M0,1.0,5,-1.4988211617267095,-3.3157993451794274,0.3181570217260083,0.41666666666666663
64,0.95,BANDIT:8,M1,1.0,5,0.6207836872531841,-0.9071327291797509,2.148700103686119,0.41666666666666663
64,0.95,M0,M1,3.0,5,3.6207922198639144,-0.645843803544407,7.887428243272236,0.5833333333333333
64,0.95,M1,M0,3.0,5,-3.6207922198639144,-7.887428243272236,0.645843803544407,0.41666666666666663
64,0.95,CAP:8,M0,3.0,5,-2.31196729656265,-6.2512397757704425,1.627305182645142,0.41666666666666663
64,0.95,CAP:8,M1,3.0,5,1.3088249233012643,-0.15783971785878914,2.607397973093942,0.8333333333333333
64,0.95,CAP:16,M0,3.0,5,-2.574845973567813,-4.175265969058353,-0.9744259780772723,0.16666666666666666
64,0.95,CAP:16,M1,3.0,5,1.0459462462961018,-1.8117262733206787,3.9036187659128823,0.5833333333333333
64,0.95,SW:fixed3,M0,3.0,5,-4.252266138646643,-8.004966379608208,-0.4995658976850785,0.16666666666666666
64,0.95,SW:fixed3,M1,3.0,5,-0.6314739187827285,-1.444974263303886,-0.11753813633597154,0.16666666666666666
64,0.95,SW:fixed10,M0,3.0,5,-2.496071750814662,-6.047013355241819,1.0548698536124945,0.41666666666666663
64,0.95,SW:fixed10,M1,3.0,5,1.1247204690492525,-0.07307993382546041,2.3225208719239654,0.6666666666666666
64,0.95,SW:stag3,M0,3.0,5,-4.885116924472457,-8.624873659043075,-1.14536018990184,0.16666666666666666
64,0.95,SW:stag3,M1,3.0,5,-1.2643247046085428,-2.1832630043235106,-0.4963765084118108,0.16666666666666666
64,0.95,CAPSCHED:3,M0,3.0,5,-3.9581832593855597,-8.26429014888866,0.34792363011754074,0.41666666666666663
64,0.95,CAPSCHED:3,M1,3.0,5,-0.3373910395216453,-1.3475506077046755,0.6727685286613849,0.5833333333333333
64,0.95,INTERLEAVE,M0,3.0,5,-1.867542395408499,-3.091169917700195,-0.5761562970988348,0.16666666666666666
64,0.95,INTERLEAVE,M1,3.0,5,1.7532498244554156,-1.2897586766612106,4.796258325572041,0.5833333333333333
64,0.95,BANDIT:8,M0,3.0,5,-0.09587635528433269,-3.600367908747879,3.4086151981792137,0.41666666666666663
64,0.95,BANDIT:8,M1,3.0,5,3.5249158645795817,2.224149017535178,5.206553296030418,0.6666666666666666
64,0.95,M0,M1,10.0,5,-0.18583563872911402,-3.3216280667429086,2.94995678928468,0.5833333333333333
64,0.95,M1,M0,10.0,5,0.18583563872911402,-2.94995678928468,3.3216280667429086,0.41666666666666663
64,0.95,CAP:8,M0,10.0,5,-1.2249783684677413,-4.516011540033294,2.066054803097811,0.5833333333333333
64,0.95,CAP:8,M1,10.0,5,-1.4108140071968553,-2.1110741138364553,-0.7044224113608916,0.16666666666666666
64,0.95,CAP:16,M0,10.0,5,-0.007531203463693487,-2.613994721298227,2.59893231437084,0.5833333333333333
64,0.95,CAP:16,M1,10.0,5,-0.1933668421928075,-1.4572180753608546,1.0704843909752395,0.41666666666666663
64,0.95,SW:fixed3,M0,10.0,5,-2.5744229280056135,-5.097098609552113,-0.05174724645911377,0.41666666666666663
64,0.95,SW:fixed3,M1,10.0,5,-2.760258566734727,-3.4019272562420637,-2.1185898772273912,0.0
64,0.95,SW:fixed10,M0,10.0,5,-1.54408132858286,-5.018227423449412,1.9300647662836918,0.41666666666666663
64,0.95,SW:fixed10,M1,10.0,5,-1.7299169673119739,-2.311722065118608,-1.1481118695053398,0.0
64,0.95,SW:stag3,M0,10.0,5,-2.9201106893104334,-6.0387529188339135,0.19853154021304645,0.41666666666666663
64,0.95,SW:stag3,M1,10.0,5,-3.105946328039547,-3.5245224353315816,-2.36352312209507,0.0
64,0.95,CAPSCHED:3,M0,10.0,5,-2.5471635610289063,-5.657710805575533,0.5633836835177206,0.41666666666666663
64,0.95,CAPSCHED:3,M1,10.0,5,-2.7329991997580203,-3.4604237122265458,-2.0055746872894944,0.0
64,0.95,INTERLEAVE,M0,10.0,5,0.3376441824837464,-0.6077403278802077,1.2830286928477004,0.41666666666666663
64,0.95,INTERLEAVE,M1,10.0,5,0.15180854375463237,-2.0385993738952077,2.3422164614044725,0.5833333333333333
64,0.95,BANDIT:8,M0,10.0,5,0.7946273913022941,-1.4603192357159158,3.049574018320504,0.41666666666666663
64,0.95,BANDIT:8,M1,10.0,5,0.60879175257318,-0.6758190241792708,1.9059092063314904,0.6666666666666666
64,0.95,M0,M1,30.0,5,-1.473074486134449,-2.7618545116029836,-0.18429446066591437,0.25
64,0.95,M1,M0,30.0,5,1.473074486134449,0.18429446066591437,2.7618545116029836,0.75
64,0.95,CAP:8,M0,30.0,5,0.3208960494332131,-1.3864183494939724,2.0282104483603987,0.75
64,0.95,CAP:8,M1,30.0,5,-1.1521784367012358,-2.244022056819354,-0.0603348165831174,0.25
64,0.95,CAP:16,M0,30.0,5,2.3183026472877684,0.6018536572348252,4.034751637340712,1.0
64,0.95,CAP:16,M1,30.0,5,0.8452281611533196,-0.2945851058602269,2.5745419399436824,0.6666666666666666
64,0.95,SW:fixed3,M0,30.0,5,-0.6163756273570915,-1.979825923397811,0.5437559578202453,0.16666666666666666
64,0.95,SW:fixed3,M1,30.0,5,-2.08945011349154,-4.223186607767923,0.04428638078484354,0.41666666666666663
64,0.95,SW:fixed10,M0,30.0,5,1.3319077223178661,0.530127777533761,2.1336876671019716,0.8333333333333333
64,0.95,SW:fixed10,M1,30.0,5,-0.14116676381658277,-1.8165011213953335,1.534167593762168,0.25
64,0.95,SW:stag3,M0,30.0,5,0.20591416568883386,-0.2756336558872948,0.6874619872649625,0.5
64,0.95,SW:stag3,M1,30.0,5,-1.2671603204456152,-2.9428594147630918,0.40853877387186177,0.25
64,0.95,CAPSCHED:3,M0,30.0,5,-1.564552714026517,-2.2656511291724404,-0.8634542988805938,0.0
64,0.95,CAPSCHED:3,M1,30.0,5,-3.037627200160966,-3.772914922172684,-2.302339478149248,0.0
64,0.95,INTERLEAVE,M0,30.0,5,2.393849217159386,1.3775462133642447,3.4101522209545276,1.0
64,0.95,INTERLEAVE,M1,30.0,5,0.9207747310249373,-1.3502370752031745,3.191786537253049,0.41666666666666663
64,0.95,BANDIT:8,M0,30.0,5,3.302925309604197,2.7845188234966134,3.7747120550720545,0.8333333333333333
64,0.95,BANDIT:8,M1,30.0,5,1.8298508234697484,0.6460840569612618,3.0136175899782347,0.6666666666666666
64,0.95,M0,M1,60.0,5,-3.1830607218026676,-4.4666111278105145,-1.8995103157948219,0.0
64,0.95,M1,M0,60.0,5,3.1830607218026676,1.8995103157948219,4.4666111278105145,1.0
64,0.95,CAP:8,M0,60.0,5,2.0693897781417325,-0.3200368769506621,4.4588164332341265,0.75
64,0.95,CAP:8,M1,60.0,5,-1.1136709436609356,-3.077180820257711,0.8498389329358392,0.41666666666666663
64,0.95,CAP:16,M0,60.0,5,3.7853785240951563,1.8464693311747398,5.724287717015573,1.0
64,0.95,CAP:16,M1,60.0,5,0.6023178022924881,-0.7413117308510049,1.9459473354359809,0.41666666666666663
64,0.95,SW:fixed3,M0,60.0,5,0.06219423670123551,-0.3734378108679802,0.4980295445086503,0.41666666666666663
64,0.95,SW:fixed3,M1,60.0,5,-3.1208664851014323,-4.840048938678494,-1.4016840315243708,0.0
64,0.95,SW:fixed10,M0,60.0,5,1.1306554860723839,0.35611448592996836,1.9051964862147992,0.6666666666666666
64,0.95,SW:fixed10,M1,60.0,5,-2.0524052357302844,-3.795929320530195,-0.30888115093037327,0.25
64,0.95,SW:stag3,M0,60.0,5,2.406950561424842,1.2195852197451555,3.594315903104528,0.8333333333333333
64,0.95,SW:stag3,M1,60.0,5,-0.776110160377826,-2.979159248880024,1.4269389281243718,0.25
64,0.95,CAPSCHED:3,M0,60.0,5,-1.2300650992571953,-1.6761141091536507,-0.7840160893607397,0.0
64,0.95,CAPSCHED:3,M1,60.0,5,-4.413125821059863,-5.387261161752569,-3.438990480367157,0.0
64,0.95,INTERLEAVE,M0,60.0,5,4.201640542082571,2.393886679948351,6.00939440421679,1.0
64,0.95,INTERLEAVE,M1,60.0,5,1.0185798202799028,-1.941301710817457,3.9784613513772626,0.41666666666666663
64,0.95,BANDIT:8,M0,60.0,5,4.314346315259182,3.884679522405562,4.744013108112801,1.0
64,0.95,BANDIT:8,M1,60.0,5,1.1312855934565138,0.2106575044186203,2.0519136824944075,0.5
128,0.9,M0,M1,0.0,4,0.0,0.0,0.0,0.0
128,0.9,M1,M0,0.0,4,0.0,0.0,0.0,0.0
128,0.9,CAP:8,M0,0.0,4,0.0,0.0,0.0,0.0
128,0.9,CAP:8,M1,0.0,4,0.0,0.0,0.0,0.0
128,0.9,CAP:16,M0,0.0,4,0.0,0.0,0.0,0.0
128,0.9,CAP:16,M1,0.0,4,0.0,0.0,0.0,0.0
128,0.9,SW:fixed3,M0,0.0,4,0.0,0.0,0.0,0.0
128,0.9,SW:fixed3,M1,0.0,4,0.0,0.0,0.0,0.0
128,0.9,SW:fixed10,M0,0.0,4,0.0,0.0,0.0,0.0
128,0.9,SW:fixed10,M1,0.0,4,0.0,0.0,0.0,0.0
128,0.9,SW:stag3,M0,0.0,4,0.0,0.0,0.0,0.0
128,0.9,SW:stag3,M1,0.0,4,0.0,0.0,0.0,0.0
128,0.9,CAPSCHED:3,M0,0.0,4,0.0,0.0,0.0,0.0
128,0.9,CAPSCHED:3,M1,0.0,4,0.0,0.0,0.0,0.0
128,0.9,INTERLEAVE,M0,0.0,4,0.0,0.0,0.0,0.0
128,0.9,INTERLEAVE,M1,0.0,4,0.0,0.0,0.0,0.0
128,0.9,BANDIT:8,M0,0.0,4,0.0,0.0,0.0,0.0
128,0.9,BANDIT:8,M1,0.0,4,0.0,0.0,0.0,0.0
128,0.9,M0,M1,0.1,4,3.75198014544421,3.2284297143021172,4.4995502311191755,0.6666666666666666
128,0.9,M1,M0,0.1,4,-3.75198014544421,-4.4995502311191755,-3.2284297143021172,0.3333333333333333
128,0.9,CAP:8,M0,0.1,4,-3.4930631249358237,-3.7227535640987375,-3.2373857772525314,0.5
128,0.9,CAP:8,M1,0.1,4,0.25891702050838666,-0.4943238497966201,0.9805001976629734,0.3333333333333333
128,0.9,CAP:16,M0,0.1,4,-3.551392287035043,-3.7227535640987375,-3.2901132908166786,0.5
128,0.9,CAP:16,M1,0.1,4,0.20058785840916718,-0.4943238497966201,0.8582402249294624,0.3333333333333333
128,0.9,SW:fixed3,M0,0.1,4,-3.75198014544421,-4.4995502311191755,-3.2284297143021172,0.3333333333333333
128,0.9,SW:fixed3,M1,0.1,4,0.0,0.0,0.0,0.0
128,0.9,SW:fixed10,M0,0.1,4,-3.75198014544421,-4.4995502311191755,-3.2284297143021172,0.3333333333333333
128,0.9,SW:fixed10,M1,0.1,4,0.0,0.0,0.0,0.0
128,0.9,SW:stag3,M0,0.1,4,-3.75198014544421,-4.4995502311191755,-3.2284297143021172,0.3333333333333333
128,0.9,SW:stag3,M1,0.1,4,0.0,0.0,0.0,0.0
128,0.9,CAPSCHED:3,M0,0.1,4,-3.75198014544421,-4.4995502311191755,-3.2284297143021172,0.3333333333333333
128,0.9,CAPSCHED:3,M1,0.1,4,0.0,0.0,0.0,0.0
128,0.9,INTERLEAVE,M0,0.1,4,-3.75198014544421,-4.4995502311191755,-3.2284297143021172,0.3333333333333333
128,0.9,INTERLEAVE,M1,0.1,4,0.0,0.0,0.0,0.0
128,0.9,BANDIT:8,M0,0.1,4,-3.75198014544421,-4.4995502311191755,-3.2284297143021172,0.3333333333333333
128,0.9,BANDIT:8,M1,0.1,4,0.0,0.0,0.0,0.0
128,0.9,M0,M1,0.3,4,2.2093871772382916,1.912068236124339,2.4854371812685794,0.5
128,0.9,M1,M0,0.3,4,-2.2093871772382916,-2.4854371812685794,-1.912068236124339,0.5
128,0.9,CAP:8,M0,0.3,4,-2.3564657784083547,-3.466228327262445,-0.8648104841105329,0.3333333333333333
128,0.9,CAP:8,M1,0.3,4,-0.14707860117006322,-1.2355722129404891,1.047257752013806,0.3333333333333333
128,0.9,CAP:16,M0,0.3,4,-2.419127302978873,-3.466228327262445,-0.8648104841105329,0.3333333333333333
128,0.9,CAP:16,M1,0.3,4,-0.2097401257405817,-1.2355722129404891,1.047257752013806,0.16666666666666666
128,0.9,SW:fixed3,M0,0.3,4,-2.2093871772382916,-2.4854371812685794,-1.912068236124339,0.5
128,0.9,SW:fixed3,M1,0.3,4,0.0,0.0,0.0,0.0
128,0.9,SW:fixed10,M0,0.3,4,-2.6147740510373496,-3.0647102473563446,-2.294174724487125,0.5
128,0.9,SW:fixed10,M1,0.3,4,-0.4053868737990581,-1.1526420112320053,0.0,0.0
128,0.9,SW:stag3,M0,0.3,4,-2.496106289931789,-2.782907962414697,-2.118132359408297,0.5
128,0.9,SW:stag3,M1,0.3,4,-0.28671911269349765,-0.675210311848034,0.11252375491365885,0.16666666666666666
128,0.9,CAPSCHED:3,M0,0.3,4,-2.55609326267774,-3.0647102473563446,-2.118132359408297,0.5
128,0.9,CAPSCHED:3,M1,0.3,4,-0.3467060854394488,-1.1526420112320053,0.11252375491365885,0.16666666666666666
128,0.9,INTERLEAVE,M0,0.3,4,-2.5086519370334743,-2.7264203544145933,-2.118132359408297,0.5
128,0.9,INTERLEAVE,M1,0.3,4,-0.2992647597951829,-0.8143521182902543,0.11252375491365885,0.16666666666666666
128,0.9,BANDIT:8,M0,0.3,4,-2.581773470206123,-2.965708504862665,-2.294174724487125,0.5
128,0.9,BANDIT:8,M1,0.3,4,-0.3723862929678316,-1.0536402687383257,0.0,0.0
128,0.9,M0,M1,1.0,4,-5.492946053173859,-7.98091626788762,-2.344297940161086,0.0
128,0.9,M1,M0,1.0,4,5.492946053173859,2.344297940161086,7.98091626788762,1.0
128,0.9,CAP:8,M0,1.0,4,2.8682367435505944,1.0721979228129603,6.3029516782411195,0.5
128,0.9,CAP:8,M1,1.0,4,-2.624709309623265,-5.08142602865991,-1.114737310563382,0.0
128,0.9,CAP:16,M0,1.0,4,1.8707317938193309,-0.0898975947710996,5.465397898815885,0.5
128,0.9,CAP:16,M1,1.0,4,-3.622214259354528,-6.24352154624397,-2.1076028627478767,0.0
128,0.9,SW:fixed3,M0,1.0,4,4.92171458943662,1.7201151467455915,7.778534350915834,1.0
128,0.9,SW:fixed3,M1,1.0,4,-0.5712314637372387,-0.8871296808244349,-0.2023819169717873,0.16666666666666666
128,0.9,SW:fixed10,M0,1.0,4,3.88305288688069,0.22382831576706197,6.050387745537975,0.8333333333333333
128,0.9,SW:fixed10,M1,1.0,4,-1.6098931662931693,-2.6059736685505888,-0.10323620593489569,0.0
128,0.9,SW:stag3,M0,1.0,4,4.719676918251707,3.0041887927121906,6.324868008112036,1.0
128,0.9,SW:stag3,M1,1.0,4,-0.7732691349221517,-1.6560482597755852,0.6598908525511051,0.16666666666666666
128,0.9,CAPSCHED:3,M0,1.0,4,4.536816517757288,3.0041887927121906,5.339766489911238,1.0
128,0.9,CAPSCHED:3,M1,1.0,4,-0.956129535416571,-2.6411497779763833,0.6598908525511051,0.16666666666666666
128,0.9,INTERLEAVE,M0,1.0,4,5.010471083466122,3.2150471095250386,6.339013553412043,1.0
128,0.9,INTERLEAVE,M1,1.0,4,-0.48247496970773707,-1.6419027144755773,0.8707491693639531,0.16666666666666666
128,0.9,BANDIT:8,M0,1.0,4,4.036219187862817,-0.02132635512170511,6.153623951472871,0.8333333333333333
128,0.9,BANDIT:8,M1,1.0,4,-1.4567268653110421,-2.3656242952827906,0.0,0.0
128,0.9,M0,M1,3.0,4,1.8347349772136137,0.23373673656608585,4.076209469801218,0.6666666666666666
128,0.9,M1,M0,3.0,4,-1.8347349772136137,-4.076209469801218,-0.23373673656608585,0.3333333333333333
128,0.9,CAP:8,M0,3.0,4,-3.2441606380912598,-4.584417309040797,-0.6608398433234983,0.16666666666666666
128,0.9,CAP:8,M1,3.0,4,-1.4094256608776463,-3.2929660366359474,-0.4271031067574125,0.5
128,0.9,CAP:16,M0,3.0,4,-2.48399650102502,-3.828737851005216,0.10156663325807092,0.16666666666666666
128,0.9,CAP:16,M1,3.0,4,-0.6492615238114066,-2.530559560054378,0.33530336982415676,0.5
128,0.9,SW:fixed3,M0,3.0,4,-2.460803841262989,-4.702278333850593,-0.8598056006154611,0.3333333333333333
128,0.9,SW:fixed3,M1,3.0,4,-0.6260688640493752,-0.6260688640493752,-0.6260688640493752,0.0
128,0.9,SW:fixed10,M0,3.0,4,0.33385046563633536,-1.907624026951269,1.934848706283863,0.3333333333333333
128,0.9,SW:fixed10,M1,3.0,4,2.168585442849949,2.168585442849949,2.168585442849949,0.5
128,0.9,SW:stag3,M0,3.0,4,-1.4918649251475382,-3.7333394177351424,0.10913331549998961,0.3333333333333333
128,0.9,SW:stag3,M1,3.0,4,0.34287005206607546,0.34287005206607546,0.34287005206607546,0.5
128,0.9,CAPSCHED:3,M0,3.0,4,0.37985962977968835,-1.8845672005541472,2.026762545919678,0.3333333333333333
128,0.9,CAPSCHED:3,M1,3.0,4,2.214594606993302,2.1916422692470707,2.260499282485764,0.6666666666666666
128,0.9,INTERLEAVE,M0,3.0,4,4.857748366959515,2.3596834228889927,6.971927510572881,0.8333333333333333
128,0.9,INTERLEAVE,M1,3.0,4,6.692483344173129,6.435892892690211,7.205664247138966,0.6666666666666666
128,0.9,BANDIT:8,M0,3.0,4,-1.5392810332660907,-3.780755525853695,0.061717207381437156,0.3333333333333333
128,0.9,BANDIT:8,M1,3.0,4,0.295453943947523,0.295453943947523,0.295453943947523,0.5
128,0.9,M0,M1,10.0,4,13.299413084870217,9.424282845982253,17.96156790847038,0.8333333333333333
128,0.9,M1,M0,10.0,4,-13.299413084870217,-17.96156790847038,-9.424282845982253,0.16666666666666666
128,0.9,CAP:8,M0,10.0,4,-13.984738350789602,-17.905363225691076,-11.975829639773208,0.0
128,0.9,CAP:8,M1,10.0,4,-0.6853252659193834,-2.551546793790955,0.4393663132535002,0.5
128,0.9,CAP:16,M0,10.0,4,-14.174196869991935,-18.135827304551285,-12.174768902247529,0.0
128,0.9,CAP:16,M1,10.0,4,-0.8747837851217166,-2.78771155719474,0.3376195979104928,0.5
128,0.9,SW:fixed3,M0,10.0,4,-0.6113549797676088,-1.7101008297113331,1.378993317468094,0.16666666666666666
128,0.9,SW:fixed3,M1,10.0,4,12.68805810510261,10.803276163450347,16.25146707875905,0.6666666666666666
128,0.9,SW:fixed10,M0,10.0,4,-12.29983265863307,-17.074213187156737,-8.472149671664667,0.16666666666666666
128,0.9,SW:fixed10,M1,10.0,4,0.9995804262371474,0.8873547213136437,1.1592533830802125,0.6666666666666666
128,0.9,SW:stag3,M0,10.0,4,-13.693042057508018,-18.595989486529728,-9.800592970733323,0.16666666666666666
128,0.9,SW:stag3,M1,10.0,4,-0.39362897263779983,-0.6344215780593458,-0.1701552151029837,0.0
128,0.9,CAPSCHED:3,M0,10.0,4,-11.362940264346056,-15.80672620054938,-7.700071923980554,0.16666666666666666
128,0.9,CAPSCHED:3,M1,10.0,4,1.936472820524162,1.7242109220016992,2.154841707921001,0.6666666666666666
128,0.9,INTERLEAVE,M0,10.0,4,-4.35141132969296,-5.498798801075512,-2.3367422217378433,0.16666666666666666
128,0.9,INTERLEAVE,M1,10.0,4,8.948001755177257,7.08754062424441,12.462769107394868,0.6666666666666666
128,0.9,BANDIT:8,M0,10.0,4,0.0005571805461258988,-1.3383938610393136,1.5435568834883675,0.16666666666666666
128,0.9,BANDIT:8,M1,10.0,4,13.299970265416343,10.96783972947062,17.758076427659702,0.6666666666666666
128,0.9,M0,M1,30.0,4,13.971558312786067,11.550222683443945,17.758186930710714,1.0
128,0.9,M1,M0,30.0,4,-13.971558312786067,-17.758186930710714,-11.550222683443945,0.0
128,0.9,CAP:8,M0,30.0,4,-13.378097361634133,-14.923451088897526,-11.857572156288299,0.0
128,0.9,CAP:8,M1,30.0,4,0.5934609511519348,-1.80304615627263,2.83473584181319,0.6666666666666666
128,0.9,CAP:16,M0,30.0,4,-12.486675154111046,-15.636067537375201,-10.409943644039839,0.0
128,0.9,CAP:16,M1,30.0,4,1.4848831586750217,0.13620840252584898,2.1963216801637033,0.5
128,0.9,SW:fixed3,M0,30.0,4,-0.14626129583773534,-1.1033116758458865,0.9972762699720015,0.6666666666666666
128,0.9,SW:fixed3,M1,30.0,4,13.825297016948333,11.217474201804624,18.75546320068272,0.6666666666666666
128,0.9,SW:fixed10,M0,30.0,4,0.7929584768387121,-0.18563674722274381,1.9805510298695985,0.6666666666666666
128,0.9,SW:fixed10,M1,30.0,4,14.76451678962478,12.134183831313226,19.738737960580316,0.6666666666666666
128,0.9,SW:stag3,M0,30.0,4,0.1773314744537826,-1.267662581528966,2.296756392212714,0.16666666666666666
128,0.9,SW:stag3,M1,30.0,4,14.14888978723985,11.053123296121544,20.054943322923428,0.6666666666666666
128,0.9,CAPSCHED:3,M0,30.0,4,-10.829575740672537,-11.355999370073597,-10.182511264908548,0.0
128,0.9,CAPSCHED:3,M1,30.0,4,3.1419825721135313,1.3677114185353965,6.402187560637119,0.6666666666666666
128,0.9,INTERLEAVE,M0,30.0,4,-0.039764183782707796,-0.9379871800638844,0.9870839136876199,0.6666666666666666
128,0.9,INTERLEAVE,M1,30.0,4,13.931794129003361,11.381833398472086,18.745270844398334,0.6666666666666666
128,0.9,BANDIT:8,M0,30.0,4,-1.2700987632887093,-2.084353549500153,-0.8103536141180605,0.16666666666666666
128,0.9,BANDIT:8,M1,30.0,4,12.701459549497358,10.52191177470339,16.947833316592657,0.8333333333333333
128,0.9,M0,M1,60.0,4,13.010312010870862,10.540602361316248,16.763100131076627,1.0
128,0.9,M1,M0,60.0,4,-13.010312010870862,-16.763100131076627,-10.540602361316248,0.0
128,0.9,CAP:8,M0,60.0,4,-11.598044319723353,-13.390493227483647,-10.450086074819717,0.0
128,0.9,CAP:8,M1,60.0,4,1.4122676911475105,-0.41295129555044596,3.3726069035929793,0.6666666666666666
128,0.9,CAP:16,M0,60.0,4,-10.308326612006512,-13.998048967434805,-8.260110426072385,0.0
128,0.9,CAP:16,M1,60.0,4,2.7019853988643514,2.2804919352438624,3.060413097707368,0.5
128,0.9,SW:fixed3,M0,60.0,4,1.5308224322081558,0.6088069293957021,2.6042902436264974,0.6666666666666666
128,0.9,SW:fixed3,M1,60.0,4,14.541134443079018,11.919972484918516,19.367390374703124,0.6666666666666666
128,0.9,SW:fixed10,M0,60.0,4,0.7579235996430145,-0.18563674722274381,1.8754463982825058,0.6666666666666666
128,0.9,SW:fixed10,M1,60.0,4,13.768235610513878,11.12456350918553,18.638546529359132,0.6666666666666666
128,0.9,SW:stag3,M0,60.0,4,0.3097634397197563,-1.1001957390672947,2.3591186030872926,0.6666666666666666
128,0.9,SW:stag3,M1,60.0,4,13.32007545059062,10.210969816455519,19.12221873416392,0.6666666666666666
128,0.9,CAPSCHED:3,M0,60.0,4,1.0782080146470772,0.07848639423441384,2.309945933345489,0.6666666666666666
128,0.9,CAPSCHED:3,M1,60.0,4,14.08852002551794,11.386794077677576,19.073046064422115,0.6666666666666666
128,0.9,INTERLEAVE,M0,60.0,4,-0.07479906097840533,-0.9379871800638844,0.8819792821005272,0.6666666666666666
128,0.9,INTERLEAVE,M1,60.0,4,12.935512949892457,10.372213076344389,17.645079413177154,0.6666666666666666
128,0.9,BANDIT:8,M0,60.0,4,1.1471040730837954,0.18742893141313122,1.8728238914426285,0.6666666666666666
128,0.9,BANDIT:8,M1,60.0,4,14.157416083954658,11.914662471632846,18.635924022519255,0.6666666666666666
128,0.95,M0,M1,0.0,6,0.0,0.0,0.0,0.0
128,0.95,M1,M0,0.0,6,0.0,0.0,0.0,0.0
128,0.95,CAP:8,M0,0.0,6,0.0,0.0,0.0,0.0
128,0.95,CAP:8,M1,0.0,6,0.0,0.0,0.0,0.0
128,0.95,CAP:16,M0,0.0,6,0.0,0.0,0.0,0.0
128,0.95,CAP:16,M1,0.0,6,0.0,0.0,0.0,0.0
128,0.95,SW:fixed3,M0,0.0,6,0.0,0.0,0.0,0.0
128,0.95,SW:fixed3,M1,0.0,6,0.0,0.0,0.0,0.0
128,0.95,SW:fixed10,M0,0.0,6,0.0,0.0,0.0,0.0
128,0.95,SW:fixed10,M1,0.0,6,0.0,0.0,0.0,0.0
128,0.95,SW:stag3,M0,0.0,6,0.0,0.0,0.0,0.0
128,0.95,SW:stag3,M1,0.0,6,0.0,0.0,0.0,0.0
128,0.95,CAPSCHED:3,M0,0.0,6,0.0,0.0,0.0,0.0
128,0.95,CAPSCHED:3,M1,0.0,6,0.0,0.0,0.0,0.0
128,0.95,INTERLEAVE,M0,0.0,6,0.0,0.0,0.0,0.0
128,0.95,INTERLEAVE,M1,0.0,6,0.0,0.0,0.0,0.0
128,0.95,BANDIT:8,M0,0.0,6,0.0,0.0,0.0,0.0
128,0.95,BANDIT:8,M1,0.0,6,0.0,0.0,0.0,0.0
128,0.95,M0,M1,0.1,6,0.2268677288034946,-0.6545772499088531,1.1921652057367123,0.3333333333333333
128,0.95,M1,M0,0.1,6,-0.2268677288034946,-1.1083127075158423,0.6545772499088531,0.6666666666666666
128,0.95,CAP:8,M0,0.1,6,-0.34444685053821006,-1.1840382397628295,0.48571674202104975,0.5
128,0.95,CAP:8,M1,0.1,6,-0.11757912173471546,-0.3301046466447539,0.09494640317532291,0.5
128,0.95,CAP:16,M0,0.1,6,-0.4577319403796902,-1.3334913286945729,0.22178773651348457,0.3333333333333333
128,0.95,CAP:16,M1,0.1,6,-0.23086421157619563,-0.5783969393154827,0.11666851616309154,0.3333333333333333
128,0.95,SW:fixed3,M0,0.1,6,-0.2679931388021687,-1.2613958235769758,0.586656869570803,0.5
128,0.95,SW:fixed3,M1,0.1,6,-0.04112540999867413,-0.1038459267603954,0.0,0.0
128,0.95,SW:fixed10,M0,0.1,6,-0.2268677288034946,-1.1083127075158423,0.6545772499088531,0.6666666666666666
128,0.95,SW:fixed10,M1,0.1,6,0.0,0.0,0.0,0.0
128,0.95,SW:stag3,M0,0.1,6,-0.23513185256957392,-1.208693453268871,0.6463131261427738,0.6666666666666666
128,0.95,SW:stag3,M1,0.1,6,-0.008264123766079342,-0.024792371298238025,0.0,0.0
128,0.95,CAPSCHED:3,M0,0.1,6,-0.2268677288034946,-1.1921652057367123,0.6545772499088531,0.6666666666666666
128,0.95,CAPSCHED:3,M1,0.1,6,0.0,0.0,0.0,0.0
128,0.95,INTERLEAVE,M0,0.1,6,-0.26133912270719667,-1.125612238320836,0.585634462101449,0.6666666666666666
128,0.95,INTERLEAVE,M1,0.1,6,-0.034471393903702095,-0.10341418171110628,0.0,0.0
128,0.95,BANDIT:8,M0,0.1,6,-0.23513185256957392,-1.2933297172512912,0.6463131261427738,0.6666666666666666
128,0.95,BANDIT:8,M1,0.1,6,-0.008264123766079342,-0.024792371298238025,0.0,0.0
128,0.95,M0,M1,0.3,6,-0.26539038581117214,-0.8939469838955345,0.3631662122731903,0.3333333333333333
128,0.95,M1,M0,0.3,6,0.26539038581117214,-0.3631662122731903,0.8411310926279866,0.6666666666666666
128,0.95,CAP:8,M0,0.3,6,-0.1198783784583098,-0.8845712476829026,0.6370330671403597,0.3333333333333333
128,0.95,CAP:8,M1,0.3,6,-0.385268764269482,-0.5570286119421394,-0.12551095593390577,0.16666666666666666
128,0.95,CAP:16,M0,0.3,6,-0.12838360798120485,-0.9086533914785362,0.6406137301590857,0.3333333333333333
128,0.95,CAP:16,M1,0.3,6,-0.393773993792377,-0.6614249820369755,-0.02383185468936516,0.16666666666666666
128,0.95,SW:fixed3,M0,0.3,6,0.1475828628254224,-0.48097373525894005,0.7761394609097849,0.5
128,0.95,SW:fixed3,M1,0.3,6,-0.11780752298574976,-0.3534225689572493,0.0,0.0
128,0.95,SW:fixed10,M0,0.3,6,0.26539038581117214,-0.3631662122731903,0.8939469838955345,0.6666666666666666
128,0.95,SW:fixed10,M1,0.3,6,0.0,0.0,0.0,0.0
128,0.95,SW:stag3,M0,0.3,6,0.1475828628254224,-0.48097373525894005,0.7761394609097849,0.5
128,0.95,SW:stag3,M1,0.3,6,-0.11780752298574976,-0.3534225689572493,0.0,0.0
128,0.95,CAPSCHED:3,M0,0.3,6,0.12831011615049803,-0.6373267515945386,0.8939469838955345,0.6666666666666666
128,0.95,CAPSCHED:3,M1,0.3,6,-0.13708026966067413,-0.41124080898202237,0.0,0.0
128,0.95,INTERLEAVE,M0,0.3,6,0.26539038581117214,-0.3631662122731903,0.8939469838955345,0.6666666666666666
128,0.95,INTERLEAVE,M1,0.3,6,0.0,0.0,0.0,0.0
128,0.95,BANDIT:8,M0,0.3,6,0.10499360324026366,-0.6606432645047728,0.8706304709853001,0.6666666666666666
128,0.95,BANDIT:8,M1,0.3,6,-0.1603967825709085,-0.41124080898202237,0.0,0.0
128,0.95,M0,M1,1.0,6,-2.370826655627916,-4.383671390857067,-0.5519359642732204,0.3333333333333333
128,0.95,M1,M0,1.0,6,2.370826655627916,0.5519359642732204,4.383671390857067,0.6666666666666666
128,0.95,CAP:8,M0,1.0,6,1.5006658822794545,-0.4472411553102741,3.9336894168137206,0.6666666666666666
128,0.95,CAP:8,M1,1.0,6,-0.8701607733484616,-1.2725555961306516,-0.4833478759003085,0.0
128,0.95,CAP:16,M0,1.0,6,2.0182652800056364,0.21879969145114497,4.357668969008756,0.6666666666666666
128,0.95,CAP:16,M1,1.0,6,-0.3525613756222795,-1.1189448233496209,0.2179659928937589,0.5
128,0.95,SW:fixed3,M0,1.0,6,1.956681027851528,-0.10482628102210256,4.297442458868428,0.6666666666666666
128,0.95,SW:fixed3,M1,1.0,6,-0.41414562777638775,-0.6591895908344375,-0.14591296682913293,0.0
128,0.95,SW:fixed10,M0,1.0,6,2.205559332572939,0.2208428487772357,4.297442458868428,0.6666666666666666
128,0.95,SW:fixed10,M1,1.0,6,-0.16526732305497696,-0.3233441051876516,-0.01327244857407317,0.0
128,0.95,SW:stag3,M0,1.0,6,1.9507363900053254,0.3354232137890214,3.6945223447037616,0.6666666666666666
128,0.95,SW:stag3,M1,1.0,6,-0.4200902656225904,-0.6888233924576839,-0.12699879931821947,0.16666666666666666
128,0.95,CAPSCHED:3,M0,1.0,6,1.693427677874414,0.17737849678399975,3.2286382477362294,0.6666666666666666
128,0.95,CAPSCHED:3,M1,1.0,6,-0.6773989777535019,-1.4274668836312017,-0.16538659302659378,0.16666666666666666
128,0.95,INTERLEAVE,M0,1.0,6,2.1287356761849434,0.11551445429687446,4.44855416737812,0.6666666666666666
128,0.95,INTERLEAVE,M1,1.0,6,-0.2420909794429727,-0.856038491371024,0.12976555304210594,0.16666666666666666
128,0.95,BANDIT:8,M0,1.0,6,1.773704007762631,0.12671313529375483,3.4206948802315065,0.6666666666666666
128,0.95,BANDIT:8,M1,1.0,6,-0.5971226478652851,-1.3319566237800808,-0.0251134456388995,0.16666666666666666
128,0.95,M0,M1,3.0,6,-0.5257110806798356,-4.369275319200918,2.510533397443793,0.3333333333333333
128,0.95,M1,M0,3.0,6,0.5257110806798356,-2.510533397443793,4.848965294320334,0.6666666666666666
128,0.95,CAP:8,M0,3.0,6,1.0913326500868044,-2.5098708891317263,6.041594143340478,0.6666666666666666
128,0.95,CAP:8,M1,3.0,6,0.565621569406969,-0.026689631692483395,1.2151479096740596,0.8333333333333333
128,0.95,CAP:16,M0,3.0,6,1.5558479189010006,-1.7889329043994897,6.36500307117443,0.6666666666666666
128,0.95,CAP:16,M1,3.0,6,1.030136838221165,0.4738166770187296,1.5864569994236009,0.8333333333333333
128,0.95,SW:fixed3,M0,3.0,6,0.6367473634518954,-2.445640816337944,5.078509094772787,0.6666666666666666
128,0.95,SW:fixed3,M1,3.0,6,0.11103628277205997,-0.056328365428317685,0.3180089411605811,0.5
128,0.95,SW:fixed10,M0,3.0,6,0.5429898776817631,-2.580788799041537,4.965336092309046,0.6666666666666666
128,0.95,SW:fixed10,M1,3.0,6,0.017278797001927762,-0.0973350109033125,0.2014194992153049,0.5
128,0.95,SW:stag3,M0,3.0,6,0.5452352737159346,-2.550888506269424,4.785185335551634,0.6666666666666666
128,0.95,SW:stag3,M1,3.0,6,0.019524193036099053,-0.037969660862753184,0.07463762317021289,0.5
128,0.95,CAPSCHED:3,M0,3.0,6,0.5363010429459961,-2.5324993151156123,4.85715318305817,0.6666666666666666
128,0.95,CAPSCHED:3,M1,3.0,6,0.01058996226616101,-0.04659377751402616,0.08613793200006163,0.6666666666666666
128,0.95,INTERLEAVE,M0,3.0,6,0.4930817416417743,-2.5813201917142687,4.294733032305048,0.6666666666666666
128,0.95,INTERLEAVE,M1,3.0,6,-0.03262933903806098,-0.12363489252591009,0.09850296926478519,0.16666666666666666
128,0.95,BANDIT:8,M0,3.0,6,0.4449693766520928,-2.5623312595996754,4.647911934058837,0.6666666666666666
128,0.95,BANDIT:8,M1,3.0,6,-0.08074170402774257,-0.12363489252591009,-0.03575847026423114,0.0
128,0.95,M0,M1,10.0,6,3.833351375832402,1.3944345869446573,6.032084483068134,0.8333333333333333
128,0.95,M1,M0,10.0,6,-3.833351375832402,-6.032084483068134,-1.1962530099237922,0.16666666666666666
128,0.95,CAP:8,M0,10.0,6,-3.5814926703164796,-5.790079398494527,-1.3729059421384318,0.16666666666666666
128,0.95,CAP:8,M1,10.0,6,0.25185870551592293,-0.20290844055598725,0.7079628478332464,0.6666666666666666
128,0.95,CAP:16,M0,10.0,6,-3.033978379400513,-5.0272394798767035,-0.6416121986680625,0.16666666666666666
128,0.95,CAP:16,M1,10.0,6,0.7993729964318896,0.14938938751958758,1.37535873498679,0.8333333333333333
128,0.95,SW:fixed3,M0,10.0,6,-2.5228996895271116,-4.257462078950089,-0.270193890526311,0.5
128,0.95,SW:fixed3,M1,10.0,6,1.3104516863052904,-0.36261385858422646,2.572836328586265,0.3333333333333333
128,0.95,SW:fixed10,M0,10.0,6,-3.8413145584561184,-5.522781312902973,-1.9616531203168608,0.16666666666666666
128,0.95,SW:fixed10,M1,10.0,6,-0.007963182623716165,-0.6513171894754376,0.7264789663922802,0.3333333333333333
128,0.95,SW:stag3,M0,10.0,6,-3.5919905731003645,-5.414999960358246,-1.615437631200931,0.16666666666666666
128,0.95,SW:stag3,M1,10.0,6,0.2413608027320381,-0.3419626749645756,0.703312466262174,0.8333333333333333
128,0.95,CAPSCHED:3,M0,10.0,6,-3.7588539944625374,-5.554866341676954,-1.8750650091693273,0.16666666666666666
128,0.95,CAPSCHED:3,M1,10.0,6,0.07449738136986468,-0.6788119992455354,0.5223280260809465,0.5
128,0.95,INTERLEAVE,M0,10.0,6,-2.4627581875205125,-4.193535827328122,-0.2621303865973578,0.3333333333333333
128,0.95,INTERLEAVE,M1,10.0,6,1.3705931883118896,-0.08918665268127163,3.0295877182090187,0.5
128,0.95,BANDIT:8,M0,10.0,6,-1.334690050441845,-3.9891138368150716,0.9724133150618359,0.5
128,0.95,BANDIT:8,M1,10.0,6,2.4986613253905574,-0.36269086334382944,5.440476552619626,0.5
128,0.95,M0,M1,30.0,6,3.813618036480249,1.9613110988954006,5.665924974065097,1.0
128,0.95,M1,M0,30.0,6,-3.813618036480249,-5.665924974065096,-1.9613110988954006,0.0
128,0.95,CAP:8,M0,30.0,6,-2.55851051555149,-5.252344485636291,0.13532345453331168,0.3333333333333333
128,0.95,CAP:8,M1,30.0,6,1.2551075209287585,-0.09089473190947867,2.2400578314994184,0.8333333333333333
128,0.95,CAP:16,M0,30.0,6,-2.4145732193011193,-4.606336972035604,-0.22280946656663553,0.3333333333333333
128,0.95,CAP:16,M1,30.0,6,1.3990448171791288,0.49447362399682415,2.0875708441898198,0.8333333333333333
128,0.95,SW:fixed3,M0,30.0,6,-2.1518121119481406,-4.294918516795056,-0.14230923480087243,0.3333333333333333
128,0.95,SW:fixed3,M1,30.0,6,1.6618059245321084,-0.34471985249917114,3.446220607792971,0.6666666666666666
128,0.95,SW:fixed10,M0,30.0,6,-2.8383193239478075,-3.5849005759101953,-1.9814147167687197,0.0
128,0.95,SW:fixed10,M1,30.0,6,0.9752987125324408,-0.812812142896538,2.5503988605447194,0.5
128,0.95,SW:stag3,M0,30.0,6,-2.7385998293604485,-4.732222355668119,-0.6281752310819795,0.16666666666666666
128,0.95,SW:stag3,M1,30.0,6,1.0750182071198002,0.6543050284164296,1.5980648222719152,1.0
128,0.95,CAPSCHED:3,M0,30.0,6,-3.445837427726398,-5.7423727914150255,-1.14930206403777,0.16666666666666666
128,0.95,CAPSCHED:3,M1,30.0,6,0.36778060875385044,-0.07644781734992961,0.8527773745664234,0.8333333333333333
128,0.95,INTERLEAVE,M0,30.0,6,-1.4065824075472824,-3.497221976165977,1.2265532889845303,0.3333333333333333
128,0.95,INTERLEAVE,M1,30.0,6,2.4070356289329666,-0.04463279372322404,5.064460602035545,0.6666666666666666
128,0.95,BANDIT:8,M0,30.0,6,-1.0909464002726834,-3.066183788087744,1.1741491175639203,0.5
128,0.95,BANDIT:8,M1,30.0,6,2.7226716362075654,-0.07042995329898552,5.316195225735178,0.5
128,0.95,M0,M1,60.0,6,3.651387397402144,2.132350015681136,5.322681244056318,1.0
128,0.95,M1,M0,60.0,6,-3.651387397402144,-5.322681244056318,-2.086211909182282,0.0
128,0.95,CAP:8,M0,60.0,6,-1.754992573961828,-3.6903453785486136,0.1803602306249572,0.3333333333333333
128,0.95,CAP:8,M1,60.0,6,1.896394823440316,1.1056086235657743,2.6960601527126236,1.0
128,0.95,CAP:16,M0,60.0,6,-2.1331072174389636,-4.7330842694643716,0.46686983458644377,0.3333333333333333
128,0.95,CAP:16,M1,60.0,6,1.5182801799631802,0.029929260262028023,3.1183237243497897,0.8333333333333333
128,0.95,SW:fixed3,M0,60.0,6,-1.2355316438985642,-3.9583508401134546,1.7265505538833614,0.3333333333333333
128,0.95,SW:fixed3,M1,60.0,6,2.41585575350358,-0.7106290887096094,5.5423405957167695,0.5
128,0.95,SW:fixed10,M0,60.0,6,-2.481299130512181,-3.733037764808954,-0.766305988773435,0.16666666666666666
128,0.95,SW:fixed10,M1,60.0,6,1.1700882668899635,-0.7924376098755155,3.02143024631446,0.5
128,0.95,SW:stag3,M0,60.0,6,-1.7175668692890143,-2.79030986556864,-0.2749325177628667,0.3333333333333333
128,0.95,SW:stag3,M1,60.0,6,1.9338205281131295,0.13086181448256928,3.807843519241162,0.8333333333333333
128,0.95,CAPSCHED:3,M0,60.0,6,-3.44939401508485,-5.8533408706880845,-1.2999204655840875,0.0
128,0.95,CAPSCHED:3,M1,60.0,6,0.20199338231729397,-0.9761980299101298,1.3801847945447179,0.5
128,0.95,INTERLEAVE,M0,60.0,6,-1.9148906087786628,-3.3207660302394357,-0.01641844209939869,0.3333333333333333
128,0.95,INTERLEAVE,M1,60.0,6,1.7364967886234812,-0.7240001658177775,4.1969937430647395,0.6666666666666666
128,0.95,BANDIT:8,M0,60.0,6,-1.1769780791299385,-2.5322599464638205,0.2131614314122645,0.3333333333333333
128,0.95,BANDIT:8,M1,60.0,6,2.474409318272205,-0.12926843918120742,4.884312718586573,0.6666666666666666
256,0.9,M0,M1,0.0,4,0.0,0.0,0.0,0.0
256,0.9,M1,M0,0.0,4,0.0,0.0,0.0,0.0
256,0.9,CAP:8,M0,0.0,4,0.0,0.0,0.0,0.0
256,0.9,CAP:8,M1,0.0,4,0.0,0.0,0.0,0.0
256,0.9,CAP:16,M0,0.0,4,0.0,0.0,0.0,0.0
256,0.9,CAP:16,M1,0.0,4,0.0,0.0,0.0,0.0
256,0.9,SW:fixed3,M0,0.0,4,0.0,0.0,0.0,0.0
256,0.9,SW:fixed3,M1,0.0,4,0.0,0.0,0.0,0.0
256,0.9,SW:fixed10,M0,0.0,4,0.0,0.0,0.0,0.0
256,0.9,SW:fixed10,M1,0.0,4,0.0,0.0,0.0,0.0
256,0.9,SW:stag3,M0,0.0,4,0.0,0.0,0.0,0.0
256,0.9,SW:stag3,M1,0.0,4,0.0,0.0,0.0,0.0
256,0.9,CAPSCHED:3,M0,0.0,4,0.0,0.0,0.0,0.0
256,0.9,CAPSCHED:3,M1,0.0,4,0.0,0.0,0.0,0.0
256,0.9,INTERLEAVE,M0,0.0,4,0.0,0.0,0.0,0.0
256,0.9,INTERLEAVE,M1,0.0,4,0.0,0.0,0.0,0.0
256,0.9,BANDIT:8,M0,0.0,4,0.0,0.0,0.0,0.0
256,0.9,BANDIT:8,M1,0.0,4,0.0,0.0,0.0,0.0
256,0.9,M0,M1,0.1,4,-0.27013458790692724,-0.5340418552716257,0.12299645509620077,0.16666666666666666
256,0.9,M1,M0,0.1,4,0.27013458790692724,-0.12299645509620077,0.5340418552716257,0.8333333333333333
256,0.9,CAP:8,M0,0.1,4,0.2408511953582842,-0.1282611911669893,0.4567211497672736,0.8333333333333333
256,0.9,CAP:8,M1,0.1,4,-0.02928339254864304,-0.07732070550435205,-0.005264736070788534,0.0
256,0.9,CAP:16,M0,0.1,4,0.2408511953582842,-0.1282611911669893,0.4567211497672736,0.8333333333333333
256,0.9,CAP:16,M1,0.1,4,-0.02928339254864304,-0.07732070550435205,-0.005264736070788534,0.0
256,0.9,SW:fixed3,M0,0.1,4,0.27013458790692724,-0.12299645509620077,0.5340418552716257,0.8333333333333333
256,0.9,SW:fixed3,M1,0.1,4,0.0,0.0,0.0,0.0
256,0.9,SW:fixed10,M0,0.1,4,0.27013458790692724,-0.12299645509620077,0.5340418552716257,0.8333333333333333
256,0.9,SW:fixed10,M1,0.1,4,0.0,0.0,0.0,0.0
256,0.9,SW:stag3,M0,0.1,4,0.27013458790692724,-0.12299645509620077,0.5340418552716257,0.8333333333333333
256,0.9,SW:stag3,M1,0.1,4,0.0,0.0,0.0,0.0
256,0.9,CAPSCHED:3,M0,0.1,4,0.27013458790692724,-0.12299645509620077,0.5340418552716257,0.8333333333333333
256,0.9,CAPSCHED:3,M1,0.1,4,0.0,0.0,0.0,0.0
256,0.9,INTERLEAVE,M0,0.1,4,0.27013458790692724,-0.12299645509620077,0.5340418552716257,0.8333333333333333
256,0.9,INTERLEAVE,M1,0.1,4,0.0,0.0,0.0,0.0
256,0.9,BANDIT:8,M0,0.1,4,0.27013458790692724,-0.12299645509620077,0.5340418552716257,0.8333333333333333
256,0.9,BANDIT:8,M1,0.1,4,0.0,0.0,0.0,0.0
256,0.9,M0,M1,0.3,4,-0.085280223189487,-0.5340418552716257,0.5252776126345483,0.3333333333333333
256,0.9,M1,M0,0.3,4,0.085280223189487,-0.5252776126345483,0.5340418552716257,0.6666666666666666
256,0.9,CAP:8,M0,0.3,4,0.2536506202245393,-0.35373621145517603,0.7869817011477449,0.6666666666666666
256,0.9,CAP:8,M1,0.3,4,0.16837039703505224,0.08062994404966545,0.2529398458761191,0.8333333333333333
256,0.9,CAP:16,M0,0.3,4,0.17219532980453353,-0.35373621145517603,0.5426158298877276,0.6666666666666666
256,0.9,CAP:16,M1,0.3,4,0.08691510661504653,0.008573974616101931,0.17154140117937222,0.6666666666666666
256,0.9,SW:fixed3,M0,0.3,4,0.19393857756266528,-0.4343661555048415,0.5340418552716257,0.8333333333333333
256,0.9,SW:fixed3,M1,0.3,4,0.10865835437317824,0.0,0.23506360598982798,0.3333333333333333
256,0.9,SW:fixed10,M0,0.3,4,0.19393857756266528,-0.4343661555048415,0.5340418552716257,0.8333333333333333
256,0.9,SW:fixed10,M1,0.3,4,0.10865835437317824,0.0,0.23506360598982798,0.3333333333333333
256,0.9,SW:stag3,M0,0.3,4,0.11558404223272264,-0.4343661555048415,0.5340418552716257,0.6666666666666666
256,0.9,SW:stag3,M1,0.3,4,0.030303819043235595,0.0,0.09091145712970679,0.16666666666666666
256,0.9,CAPSCHED:3,M0,0.3,4,0.06958996889303543,-0.2992067747054742,0.5340418552716257,0.6666666666666666
256,0.9,CAPSCHED:3,M1,0.3,4,-0.015690254296451565,-0.047070762889354696,0.0,0.0
256,0.9,INTERLEAVE,M0,0.3,4,0.11558404223272264,-0.4343661555048415,0.5340418552716257,0.6666666666666666
256,0.9,INTERLEAVE,M1,0.3,4,0.030303819043235595,0.0,0.09091145712970679,0.16666666666666666
256,0.9,BANDIT:8,M0,0.3,4,0.19393857756266528,-0.4343661555048415,0.5340418552716257,0.8333333333333333
256,0.9,BANDIT:8,M1,0.3,4,0.10865835437317824,0.0,0.23506360598982798,0.3333333333333333
256,0.9,M0,M1,1.0,4,-0.5014158099912261,-1.341328166856522,0.2697284005930033,0.16666666666666666
256,0.9,M1,M0,1.0,4,0.5014158099912261,-0.2697284005930033,1.341328166856522,0.8333333333333333
256,0.9,CAP:8,M0,1.0,4,0.6570816265889053,0.059235640115368304,1.1807865702423639,0.8333333333333333
256,0.9,CAP:8,M1,1.0,4,0.15566581659767914,-0.3734120235947915,1.0009510700019872,0.6666666666666666
256,0.9,CAP:16,M0,1.0,4,0.5496036924780656,0.2867185209282521,0.7110145044879668,0.8333333333333333
256,0.9,CAP:16,M1,1.0,4,0.04818788248683938,-0.630313662368555,0.9208064526109812,0.6666666666666666
256,0.9,SW:fixed3,M0,1.0,4,0.14466271137888778,-0.43044417496152454,0.7454957120944137,0.6666666666666666
256,0.9,SW:fixed3,M1,1.0,4,-0.35675309861233845,-1.7717723418180469,0.38866499759677753,0.3333333333333333
256,0.9,SW:fixed10,M0,1.0,4,0.7835516812159717,0.19291941409461832,1.5824261677602902,0.8333333333333333
256,0.9,SW:fixed10,M1,1.0,4,0.2821358712247456,0.14266179808284696,0.4626478146876216,0.5
256,0.9,SW:stag3,M0,1.0,4,0.44176334194400196,-0.0812958650868949,0.8991543085893972,0.8333333333333333
256,0.9,SW:stag3,M1,1.0,4,-0.059652468047224204,-0.44217385826712485,0.1884325355061084,0.3333333333333333
256,0.9,CAPSCHED:3,M0,1.0,4,0.4923896483454361,-0.2697284005930033,1.5332280435737806,0.6666666666666666
256,0.9,CAPSCHED:3,M1,1.0,4,-0.00902616164579012,-0.21897836165462894,0.1918998767172586,0.16666666666666666
256,0.9,INTERLEAVE,M0,1.0,4,0.6879151630749913,0.19291941409461832,1.363394492800852,0.8333333333333333
256,0.9,INTERLEAVE,M1,1.0,4,0.1864993530837651,0.02206632594432989,0.4626478146876216,0.5
256,0.9,BANDIT:8,M0,1.0,4,0.6282576952626584,-0.015563051421810803,1.1548404251153723,0.8333333333333333
256,0.9,BANDIT:8,M1,1.0,4,0.12684188527143223,-0.18648774174114968,0.31284804838425384,0.3333333333333333
256,0.9,M0,M1,3.0,4,-3.761344725282782,-4.487459483774286,-2.479804534593572,0.0
256,0.9,M1,M0,3.0,4,3.761344725282782,2.479804534593572,4.487459483774286,1.0
256,0.9,CAP:8,M0,3.0,4,4.201936814929651,3.310650224421985,5.506241921169146,1.0
256,0.9,CAP:8,M1,3.0,4,0.4405920896468677,-0.527851858282669,1.0187824373948593,0.3333333333333333
256,0.9,CAP:16,M0,3.0,4,3.9210415014872693,3.4278352483716463,4.501956879533631,1.0
256,0.9,CAP:16,M1,3.0,4,0.1596967762044868,-0.6541271072177552,0.9480307137780744,0.8333333333333333
256,0.9,SW:fixed3,M0,3.0,4,3.6462444883688137,2.0713434740447196,5.358432226218849,1.0
256,0.9,SW:fixed3,M1,3.0,4,-0.11510023691396858,-2.4161160097295658,1.041662068738359,0.3333333333333333
256,0.9,SW:fixed10,M0,3.0,4,4.54309688986219,3.561289222196101,5.295517111951711,1.0
256,0.9,SW:fixed10,M1,3.0,4,0.7817521645794077,0.285024851664472,1.0814846876025286,1.0
256,0.9,SW:stag3,M0,3.0,4,3.890445532040887,2.616225408904088,5.042980174007054,1.0
256,0.9,SW:stag3,M1,3.0,4,0.12910080675810498,-0.47532847056276584,0.726210016526565,0.3333333333333333
256,0.9,CAPSCHED:3,M0,3.0,4,3.8080907842699974,2.553370686863602,4.662313481843833,1.0
256,0.9,CAPSCHED:3,M1,3.0,4,0.046746058987215136,-0.10818197337793212,0.1748539980695476,0.3333333333333333
256,0.9,INTERLEAVE,M0,3.0,4,4.357124466158825,3.4461030428023873,5.05733483453778,1.0
256,0.9,INTERLEAVE,M1,3.0,4,0.595779740876043,0.0804760373620228,0.9662985082088151,0.5
256,0.9,BANDIT:8,M0,3.0,4,4.123541238950644,3.2640589361194525,5.321422639605631,1.0
256,0.9,BANDIT:8,M1,3.0,4,0.3621965136678617,-0.7023173426474365,1.0046524821251412,0.3333333333333333
256,0.9,M0,M1,10.0,4,-2.22358877690593,-3.2647021191953405,-0.5924845693146557,0.16666666666666666
256,0.9,M1,M0,10.0,4,2.22358877690593,0.5924845693146557,3.2647021191953405,0.8333333333333333
256,0.9,CAP:8,M0,10.0,4,3.4067609015374174,1.6472293246719438,5.079793035195814,0.8333333333333333
256,0.9,CAP:8,M1,10.0,4,1.183172124631488,0.679680702536702,1.8150909160004733,0.8333333333333333
256,0.9,CAP:16,M0,10.0,4,3.3232197389589384,1.396605836936506,5.079793035195814,0.8333333333333333
256,0.9,CAP:16,M1,10.0,4,1.0996309620530085,0.679680702536702,1.8150909160004733,0.8333333333333333
256,0.9,SW:fixed3,M0,10.0,4,1.857974721612241,0.5659217040906768,2.7870167769838146,0.8333333333333333
256,0.9,SW:fixed3,M1,10.0,4,-0.3656140552936889,-1.043716435433109,-0.026562865223978882,0.0
256,0.9,SW:fixed10,M0,10.0,4,2.125267521053696,0.5659217040906768,3.0228640820865973,0.8333333333333333
256,0.9,SW:fixed10,M1,10.0,4,-0.09832125585223365,-0.2418380371087432,-0.026562865223978882,0.0
256,0.9,SW:stag3,M0,10.0,4,2.125267521053696,0.5659217040906768,3.0228640820865973,0.8333333333333333
256,0.9,SW:stag3,M1,10.0,4,-0.09832125585223365,-0.2418380371087432,-0.026562865223978882,0.0
256,0.9,CAPSCHED:3,M0,10.0,4,2.177738826725312,0.6971940252888924,3.0490056779032297,0.8333333333333333
256,0.9,CAPSCHED:3,M1,10.0,4,-0.04584995018061762,-0.21569644129211074,0.10470945597423675,0.16666666666666666
256,0.9,INTERLEAVE,M0,10.0,4,2.125267521053696,0.5659217040906768,3.0228640820865973,0.8333333333333333
256,0.9,INTERLEAVE,M1,10.0,4,-0.09832125585223365,-0.2418380371087432,-0.026562865223978882,0.0
256,0.9,BANDIT:8,M0,10.0,4,2.2573700862405284,0.9622293996511724,3.0228640820865973,0.8333333333333333
256,0.9,BANDIT:8,M1,10.0,4,0.03378130933459822,-0.2418380371087432,0.3697448303365167,0.16666666666666666
256,0.9,M0,M1,30.0,4,3.514860349012121,1.6419277850403633,4.565612312203038,1.0
256,0.9,M1,M0,30.0,4,-3.514860349012121,-4.565612312203038,-1.6419277850403633,0.0
256,0.9,CAP:8,M0,30.0,4,-2.4781548807163345,-3.950267525852854,0.17316313096011005,0.16666666666666666
256,0.9,CAP:8,M1,30.0,4,1.0367054682957866,0.6153447863501844,1.8150909160004733,0.6666666666666666
256,0.9,CAP:16,M0,30.0,4,-2.4450840304674544,-4.008368195294899,0.17316313096011005,0.16666666666666666
256,0.9,CAP:16,M1,30.0,4,1.0697763185446665,0.557244116908139,1.8150909160004733,0.8333333333333333
256,0.9,SW:fixed3,M0,30.0,4,-1.2394390391171513,-1.671159422955471,-0.6799224521519172,0.16666666666666666
256,0.9,SW:fixed3,M1,30.0,4,2.27542130989497,-0.029231637915107633,3.6571184976410445,0.3333333333333333
256,0.9,SW:fixed10,M0,30.0,4,-1.920820253350294,-2.367689278186784,-1.511005659714991,0.0
256,0.9,SW:fixed10,M1,30.0,4,1.5940400956618272,-0.2418380371087432,2.8260352900779706,0.3333333333333333
256,0.9,SW:stag3,M0,30.0,4,-3.9085469248764433,-5.488984290666605,-1.878409245547445,0.0
256,0.9,SW:stag3,M1,30.0,4,-0.39368657586432193,-0.9233719784635666,-0.021206288622317437,0.0
256,0.9,CAPSCHED:3,M0,30.0,4,-3.572161865878022,-4.495257556284653,-1.857624226332474,0.0
256,0.9,CAPSCHED:3,M1,30.0,4,-0.057301516865901014,-0.21569644129211074,0.07035475591838658,0.16666666666666666
256,0.9,INTERLEAVE,M0,30.0,4,-1.7148380816175806,-2.9057452624111626,-0.4999651063939332,0.16666666666666666
256,0.9,INTERLEAVE,M1,30.0,4,1.8000222673945405,-0.09687609100728256,3.8370758433990284,0.3333333333333333
256,0.9,BANDIT:8,M0,30.0,4,-2.3232409145157513,-4.3636038150169405,-0.7223531063812061,0.16666666666666666
256,0.9,BANDIT:8,M1,30.0,4,1.19161943449637,-0.2418380371087432,3.8432592058218327,0.16666666666666666
256,0.9,M0,M1,60.0,4,4.223341561857447,2.238813833533219,5.899333746914621,1.0
256,0.9,M1,M0,60.0,4,-4.223341561857447,-5.899333746914621,-2.238813833533219,0.0
256,0.9,CAP:8,M0,60.0,4,-3.18663609356166,-5.283988960564437,-0.4237229175327455,0.0
256,0.9,CAP:8,M1,60.0,4,1.0367054682957866,0.6153447863501844,1.8150909160004733,0.6666666666666666
256,0.9,CAP:16,M0,60.0,4,-3.103796960531615,-5.335886247682827,-0.4237229175327455,0.0
256,0.9,CAP:16,M1,60.0,4,1.119544601325832,0.5634474992317946,1.8150909160004733,0.8333333333333333
256,0.9,SW:fixed3,M0,60.0,4,-1.3943627245436538,-2.7009566769556486,-0.11035394464853532,0.16666666666666666
256,0.9,SW:fixed3,M1,60.0,4,2.828978837313793,0.867036281506441,4.421523160475965,0.5
256,0.9,SW:fixed10,M0,60.0,4,-1.181764464050285,-1.5837975436111495,-0.7012598827152434,0.16666666666666666
256,0.9,SW:fixed10,M1,60.0,4,3.041577097807162,0.6550162899220693,5.198073864199378,0.5
256,0.9,SW:stag3,M0,60.0,4,-3.2986160654968564,-6.33953727896136,-1.0810156234889092,0.0
256,0.9,SW:stag3,M1,60.0,4,0.9247254963605901,-0.44020353204673857,3.4508614816355907,0.16666666666666666
256,0.9,CAPSCHED:3,M0,60.0,4,-4.251553720381654,-5.741710915971155,-2.4545102748253296,0.0
256,0.9,CAPSCHED:3,M1,60.0,4,-0.028212158524207887,-0.21569644129211074,0.15762283094346596,0.16666666666666666
256,0.9,INTERLEAVE,M0,60.0,4,-0.8122385280665997,-1.475113547736001,-0.4699048601012308,0.3333333333333333
256,0.9,INTERLEAVE,M1,60.0,4,3.411103033790847,0.7637002857972179,5.42942888681339,0.5
256,0.9,BANDIT:8,M0,60.0,4,-0.70079922560686,-1.2624443059377626,-0.10054835237718684,0.3333333333333333
256,0.9,BANDIT:8,M1,60.0,4,3.5225423362505865,0.9763695275954563,5.159928728408991,1.0
256,0.95,M0,M1,0.0,5,0.0,0.0,0.0,0.0
256,0.95,M1,M0,0.0,5,0.0,0.0,0.0,0.0
256,0.95,CAP:8,M0,0.0,5,0.0,0.0,0.0,0.0
256,0.95,CAP:8,M1,0.0,5,0.0,0.0,0.0,0.0
256,0.95,CAP:16,M0,0.0,5,0.0,0.0,0.0,0.0
256,0.95,CAP:16,M1,0.0,5,0.0,0.0,0.0,0.0
256,0.95,SW:fixed3,M0,0.0,5,0.0,0.0,0.0,0.0
256,0.95,SW:fixed3,M1,0.0,5,0.0,0.0,0.0,0.0
256,0.95,SW:fixed10,M0,0.0,5,0.0,0.0,0.0,0.0
256,0.95,SW:fixed10,M1,0.0,5,0.0,0.0,0.0,0.0
256,0.95,SW:stag3,M0,0.0,5,0.0,0.0,0.0,0.0
256,0.95,SW:stag3,M1,0.0,5,0.0,0.0,0.0,0.0
256,0.95,CAPSCHED:3,M0,0.0,5,0.0,0.0,0.0,0.0
256,0.95,CAPSCHED:3,M1,0.0,5,0.0,0.0,0.0,0.0
256,0.95,INTERLEAVE,M0,0.0,5,0.0,0.0,0.0,0.0
256,0.95,INTERLEAVE,M1,0.0,5,0.0,0.0,0.0,0.0
256,0.95,BANDIT:8,M0,0.0,5,0.0,0.0,0.0,0.0
256,0.95,BANDIT:8,M1,0.0,5,0.0,0.0,0.0,0.0
256,0.95,M0,M1,0.1,5,0.011601184252083362,-0.20228368540679972,0.3250656422109527,0.16666666666666666
256,0.95,M1,M0,0.1,5,-0.011601184252083362,-0.3250656422109527,0.20228368540679972,0.8333333333333333
256,0.95,CAP:8,M0,0.1,5,0.016464118976278565,-0.1901336128089003,0.1896632300570895,0.5833333333333333
256,0.95,CAP:8,M1,0.1,5,0.028065303228361926,-0.05386530457916532,0.13493202940205237,0.3333333333333333
256,0.95,CAP:16,M0,0.1,5,0.016464118976278565,-0.15673499210453237,0.1896632300570895,0.5833333333333333
256,0.95,CAP:16,M1,0.1,5,0.028065303228361926,-0.05386530457916532,0.10999591103588917,0.3333333333333333
256,0.95,SW:fixed3,M0,0.1,5,-0.011601184252083362,-0.30271352196989604,0.20228368540679972,0.8333333333333333
256,0.95,SW:fixed3,M1,0.1,5,0.0,0.0,0.0,0.0
256,0.95,SW:fixed10,M0,0.1,5,-0.011601184252083362,-0.3250656422109527,0.20228368540679972,0.8333333333333333
256,0.95,SW:fixed10,M1,0.1,5,0.0,0.0,0.0,0.0
256,0.95,SW:stag3,M0,0.1,5,-0.011601184252083362,-0.3250656422109527,0.18653404519489075,0.8333333333333333
256,0.95,SW:stag3,M1,0.1,5,0.0,0.0,0.0,0.0
256,0.95,CAPSCHED:3,M0,0.1,5,-0.011601184252083362,-0.3250656422109527,0.20228368540679972,0.8333333333333333
256,0.95,CAPSCHED:3,M1,0.1,5,0.0,0.0,0.0,0.0
256,0.95,INTERLEAVE,M0,0.1,5,-0.011601184252083362,-0.3250656422109527,0.18692778620018632,0.8333333333333333
256,0.95,INTERLEAVE,M1,0.1,5,0.0,0.0,0.0,0.0
256,0.95,BANDIT:8,M0,0.1,5,-0.012356699669701494,-0.32733218846380707,0.20228368540679972,0.8333333333333333
256,0.95,BANDIT:8,M1,0.1,5,-0.0007555154176181375,-0.0022665462528544122,0.0,0.0
256,0.95,M0,M1,0.3,5,0.27182495363967196,-0.20228368540679972,0.6168037398862556,0.3333333333333333
256,0.95,M1,M0,0.3,5,-0.27182495363967196,-0.5944516196451989,0.20228368540679972,0.6666666666666666
256,0.95,CAP:8,M0,0.3,5,-0.10646774911851573,-0.5183141405999767,0.36658224022716435,0.6666666666666666
256,0.95,CAP:8,M1,0.3,5,0.16535720452115624,0.0015645924310993635,0.3291498166112131,0.5833333333333333
256,0.95,CAP:16,M0,0.3,5,-0.10646774911851573,-0.5183141405999767,0.36658224022716435,0.6666666666666666
256,0.95,CAP:16,M1,0.3,5,0.16535720452115624,0.0015645924310993635,0.3291498166112131,0.5833333333333333
256,0.95,SW:fixed3,M0,0.3,5,-0.27890940811221837,-0.6168037398862556,0.20228368540679972,0.6666666666666666
256,0.95,SW:fixed3,M1,0.3,5,-0.007084454472546353,-0.02125336341763906,0.0,0.0
256,0.95,SW:fixed10,M0,0.3,5,-0.27890940811221837,-0.6168037398862556,0.20228368540679972,0.6666666666666666
256,0.95,SW:fixed10,M1,0.3,5,-0.007084454472546353,-0.02125336341763906,0.0,0.0
256,0.95,SW:stag3,M0,0.3,5,-0.27182495363967196,-0.6168037398862556,0.20228368540679972,0.6666666666666666
256,0.95,SW:stag3,M1,0.3,5,0.0,0.0,0.0,0.0
256,0.95,CAPSCHED:3,M0,0.3,5,-0.27182495363967196,-0.6168037398862556,0.17993156516574305,0.6666666666666666
256,0.95,CAPSCHED:3,M1,0.3,5,0.0,0.0,0.0,0.0
256,0.95,INTERLEAVE,M0,0.3,5,-0.2988835803979895,-0.6168037398862556,0.20228368540679972,0.6666666666666666
256,0.95,INTERLEAVE,M1,0.3,5,-0.02705862675831756,-0.08117588027495268,0.0,0.0
256,0.95,BANDIT:8,M0,0.3,5,-0.27890940811221837,-0.6168037398862556,0.20228368540679972,0.6666666666666666
256,0.95,BANDIT:8,M1,0.3,5,-0.007084454472546353,-0.02125336341763906,0.0,0.0
256,0.95,M0,M1,1.0,5,-0.1853519339343328,-0.4739932560335761,0.18407927414899572,0.16666666666666666
256,0.95,M1,M0,1.0,5,0.1853519339343328,-0.18407927414899572,0.4739932560335761,0.8333333333333333
256,0.95,CAP:8,M0,1.0,5,0.19543746163938938,-0.31462785190458953,0.7055027751833682,0.6666666666666666
256,0.95,CAP:8,M1,1.0,5,0.010085527705056607,-0.4361520948380032,0.45632315024811637,0.25
256,0.95,CAP:16,M0,1.0,5,0.255458387692914,-0.22170600480867553,0.7326227801945034,0.8333333333333333
256,0.95,CAP:16,M1,1.0,5,0.0701064537585812,-0.3490111637733434,0.4892240712905058,0.25
256,0.95,SW:fixed3,M0,1.0,5,0.213136193578159,-0.15630614924934622,0.5295506405770518,0.8333333333333333
256,0.95,SW:fixed3,M1,1.0,5,0.02778425964382622,0.0,0.05556851928765244,0.41666666666666663
256,0.95,SW:fixed10,M0,1.0,5,0.1913027160971705,-0.2989425987461104,0.5580763819234036,0.8333333333333333
256,0.95,SW:fixed10,M1,1.0,5,0.005950782162837713,-0.11486332459711462,0.13271567108562776,0.16666666666666666
256,0.95,SW:stag3,M0,1.0,5,0.15045220885855126,-0.16596223814034158,0.4668666558574441,0.6666666666666666
256,0.95,SW:stag3,M1,1.0,5,-0.034899725075781526,-0.16024542502664366,0.05554624979929906,0.25
256,0.95,CAPSCHED:3,M0,1.0,5,0.12273998979306598,-0.19367445720582685,0.4391544367919588,0.6666666666666666
256,0.95,CAPSCHED:3,M1,1.0,5,-0.06261194414126679,-0.24338208222309946,0.05554624979929906,0.25
256,0.95,INTERLEAVE,M0,1.0,5,0.14462277375039478,-0.30630015893333984,0.4740043907777528,0.8333333333333333
256,0.95,INTERLEAVE,M1,1.0,5,-0.04072916018393802,-0.12222088478434412,3.3404232530065414e-05,0.16666666666666666
256,0.95,BANDIT:8,M0,1.0,5,0.1728101189601825,-0.23216206969439573,0.5145098727740919,0.8333333333333333
256,0.95,BANDIT:8,M1,1.0,5,-0.012541814974150294,-0.06560024668881632,0.040516616740515744,0.25
256,0.95,M0,M1,3.0,5,-2.0319067251072447,-3.7262167135787836,-0.8494808300446346,0.0
256,0.95,M1,M0,3.0,5,2.0319067251072447,0.8494808300446346,3.9473813340500343,1.0
256,0.95,CAP:8,M0,3.0,5,1.2737961962793651,0.6321819132093992,1.95307705776204,0.8333333333333333
256,0.95,CAP:8,M1,3.0,5,-0.7581105288278797,-1.9028698454777806,0.3866487878220215,0.41666666666666663
256,0.95,CAP:16,M0,3.0,5,1.7556962737059534,0.7749926789720867,2.602451149557878,0.8333333333333333
256,0.95,CAP:16,M1,3.0,5,-0.2762104514012914,-1.4925886599138636,0.9401677571112809,0.41666666666666663
256,0.95,SW:fixed3,M0,3.0,5,1.8965246310253858,0.5787166418809171,3.9666898028049533,0.8333333333333333
256,0.95,SW:fixed3,M1,3.0,5,-0.13538209408185875,-0.42545475100049535,0.03861693750983819,0.25
256,0.95,SW:fixed10,M0,3.0,5,1.9151218153792198,0.5417997833655648,3.8760004919231514,0.8333333333333333
256,0.95,SW:fixed10,M1,3.0,5,-0.11678490972802494,-0.5001385075284429,0.13047530958944897,0.41666666666666663
256,0.95,SW:stag3,M0,3.0,5,1.7811629865644223,0.845313131478305,3.2130532936961407,1.0
256,0.95,SW:stag3,M1,3.0,5,-0.2507437385428226,-0.7343280403538937,0.01737242622045562,0.5
256,0.95,CAPSCHED:3,M0,3.0,5,1.625912528855857,0.845313131478305,2.5416173481891944,1.0
256,0.95,CAPSCHED:3,M1,3.0,5,-0.4059941962513877,-1.1845993653895894,0.023136889419838713,0.5
256,0.95,INTERLEAVE,M0,3.0,5,1.8296171455663446,0.4449016709628348,3.9666898028049533,0.8333333333333333
256,0.95,INTERLEAVE,M1,3.0,5,-0.2022895795408999,-0.6261772073776188,0.03861693750983819,0.25
256,0.95,BANDIT:8,M0,3.0,5,1.8106691989025925,0.5896101233557028,3.4794418705133037,0.8333333333333333
256,0.95,BANDIT:8,M1,3.0,5,-0.22123752620465234,-0.42459457687831614,0.023136889419838713,0.5
256,0.95,M0,M1,10.0,5,-2.7490613029284456,-5.16675160518488,-0.33137100067201186,0.25
256,0.95,M1,M0,10.0,5,2.7490613029284456,0.33137100067201186,5.16675160518488,0.75
256,0.95,CAP:8,M0,10.0,5,1.8840784304662652,-1.4855247161931855,5.253681577125716,0.5833333333333333
256,0.95,CAP:8,M1,10.0,5,-0.8649828724621802,-1.926971501613105,0.08692997194083674,0.25
256,0.95,CAP:16,M0,10.0,5,1.8414465704386216,-1.466193442192717,5.14908658306996,0.5833333333333333
256,0.95,CAP:16,M1,10.0,5,-0.9076147324898239,-1.9624468730090638,-0.017665022114919104,0.25
256,0.95,SW:fixed3,M0,10.0,5,2.7490613029284456,0.33137100067201186,5.16675160518488,0.75
256,0.95,SW:fixed3,M1,10.0,5,0.0,0.0,0.0,0.0
256,0.95,SW:fixed10,M0,10.0,5,2.7576807464231265,0.33137100067201186,5.183990492174241,0.75
256,0.95,SW:fixed10,M1,10.0,5,0.008619443494680986,0.0,0.017238886989361973,0.41666666666666663
256,0.95,SW:stag3,M0,10.0,5,2.7846279999619945,0.33137100067201186,5.237884999251977,0.75
256,0.95,SW:stag3,M1,10.0,5,0.03556669703354909,0.0,0.07113339406709818,0.25
256,0.95,CAPSCHED:3,M0,10.0,5,2.8072020789558705,0.33990737644470514,5.274496781467036,0.75
256,0.95,CAPSCHED:3,M1,10.0,5,0.05814077602742507,0.008536375772693283,0.10774517628215685,0.5
256,0.95,INTERLEAVE,M0,10.0,5,2.7490613029284456,0.33137100067201186,5.16675160518488,0.75
256,0.95,INTERLEAVE,M1,10.0,5,0.0,0.0,0.0,0.0
256,0.95,BANDIT:8,M0,10.0,5,2.838182723753128,0.34107320291077725,5.335292244595479,0.75
256,0.95,BANDIT:8,M1,10.0,5,0.08912142082468207,0.0030085714702425825,0.17523427017912155,0.5833333333333333
256,0.95,M0,M1,30.0,5,1.598091806827257,-0.5887597747418689,3.784943388396383,0.41666666666666663
256,0.95,M1,M0,30.0,5,-1.598091806827257,-3.784943388396383,0.5887597747418689,0.5833333333333333
256,0.95,CAP:8,M0,30.0,5,-2.1676323006528992,-5.242662570820082,0.907397969514284,0.5833333333333333
256,0.95,CAP:8,M1,30.0,5,-0.5695404938256419,-1.4577191824236988,0.31863819477241506,0.25
256,0.95,CAP:16,M0,30.0,5,-1.621084874317836,-4.60819454983607,1.3660248012003984,0.5833333333333333
256,0.95,CAP:16,M1,30.0,5,-0.022993067490579167,-0.8232511614396878,0.7772650264585295,0.6666666666666666
256,0.95,SW:fixed3,M0,30.0,5,-1.8859859910789492,-4.085438665453401,0.3134666832955026,0.3333333333333333
256,0.95,SW:fixed3,M1,30.0,5,-0.28789418425169244,-0.3924868441875982,-0.18330152431578664,0.0
256,0.95,SW:fixed10,M0,30.0,5,-1.7273007982738802,-3.9520929885557545,0.4974913920079941,0.3333333333333333
256,0.95,SW:fixed10,M1,30.0,5,-0.12920899144662332,-0.2817846363935603,0.02336665350031364,0.16666666666666666
256,0.95,SW:stag3,M0,30.0,5,-1.5541351808486552,-4.053098011069968,0.9448276493726582,0.5833333333333333
256,0.95,SW:stag3,M1,30.0,5,0.04395662597860173,-0.3601461898041654,0.44805944176136886,0.25
256,0.95,CAPSCHED:3,M0,30.0,5,-1.62206888935586,-3.6653496382893795,0.42121185957765944,0.3333333333333333
256,0.95,CAPSCHED:3,M1,30.0,5,-0.023977082528603123,-0.16754791516420947,0.11959375010700324,0.41666666666666663
256,0.95,INTERLEAVE,M0,30.0,5,-1.8859859910789492,-4.085438665453401,0.3134666832955026,0.3333333333333333
256,0.95,INTERLEAVE,M1,30.0,5,-0.28789418425169244,-0.3924868441875982,-0.18330152431578664,0.0
256,0.95,BANDIT:8,M0,30.0,5,-1.5598098034054113,-4.028583241456955,0.9089636346461325,0.5833333333333333
256,0.95,BANDIT:8,M1,30.0,5,0.03828200342184562,-0.3801676528877507,0.4567316597314419,0.5833333333333333
256,0.95,M0,M1,60.0,5,1.1098086610779003,-1.4424693808191609,3.6620867029749613,0.41666666666666663
256,0.95,M1,M0,60.0,5,-1.1098086610779003,-3.6620867029749613,1.4424693808191609,0.5833333333333333
256,0.95,CAP:8,M0,60.0,5,-1.2486577223312831,-4.391746333909082,1.8944308892465154,0.5833333333333333
256,0.95,CAP:8,M1,60.0,5,-0.13884906125338287,-0.7973580534963614,0.47107766996497225,0.5
256,0.95,CAP:16,M0,60.0,5,-1.1867316337254454,-4.318686283441305,1.945223015990414,0.5833333333333333
256,0.95,CAP:16,M1,60.0,5,-0.07692297264754527,-0.956317169631516,0.9085905208457643,0.6666666666666666
256,0.95,SW:fixed3,M0,60.0,5,-1.2936405508436006,-3.3723119574757905,0.7850308557885892,0.3333333333333333
256,0.95,SW:fixed3,M1,60.0,5,-0.18383188976570036,-0.6574385250305718,0.289774745499171,0.25
256,0.95,SW:fixed10,M0,60.0,5,-0.8017892703240735,-3.4890526729357925,1.8854741322876454,0.3333333333333333
256,0.95,SW:fixed10,M1,60.0,5,0.3080193907538267,-0.41934210185723647,1.1568240691040121,0.5833333333333333
256,0.95,SW:stag3,M0,60.0,5,-1.0628044030966495,-3.257752912487258,1.1321441062939592,0.5833333333333333
256,0.95,SW:stag3,M1,60.0,5,0.047004257981250686,-0.5190045675894295,0.44818002203299523,0.6666666666666666
256,0.95,CAPSCHED:3,M0,60.0,5,-1.4925258768275056,-3.5394449240693953,0.5543931704143843,0.5833333333333333
256,0.95,CAPSCHED:3,M1,60.0,5,-0.38271721574960527,-0.9617292344051322,0.1226417789055662,0.41666666666666663
256,0.95,INTERLEAVE,M0,60.0,5,-1.0469843597448065,-3.778200206075096,1.684231486585483,0.5833333333333333
256,0.95,INTERLEAVE,M1,60.0,5,0.06282430133309372,-0.1632265510298813,0.46781295812929713,0.16666666666666666
256,0.95,BANDIT:8,M0,60.0,5,-0.22894356786652148,-4.013303368049236,3.555416232316193,0.5833333333333333
256,0.95,BANDIT:8,M1,60.0,5,0.880865093211379,-0.35121666507427446,2.267935361056222,0.5833333333333333
